front,back,hint,publishedAt
juveniles,"молодые, несовершеннолетние",distinctive words (juveniles),2025-10-01T22:33:25.699Z
bad habits,вредные привычки,,2026-02-11T02:50:32.542Z
Bound,связанный,,2026-01-22T08:44:35.137Z
even,чётные,чётные; Even numbers can be divided by 2 without a remainder. — Чётные числа делятся на 2 без остатка,2025-12-17T16:05:17.728Z
vocabulary,словарный запас,,2026-02-11T02:53:37.167Z
Convention - social agreement,Конвенция — общественный договор,"Конвенция. Нет причины, по которой «стол» называется столом, мы просто так договорились",2025-12-26T21:24:06.311Z
the number of,количество,количество чего-либо /ðə ˈnʌmbər əv/; The number of students is 25. — Количество студентов 25,2025-12-23T01:52:02.830Z
outgoing mail,исходящая почта,исходящая почта; outgoing mail = SMTP messages; Example: Configure outgoing mail — Настрой исходящую почту,2025-12-01T21:59:07.433Z
path,путь,Путь — последовательность связанных вершин; a path is a sequence of connected vertices; пример: “A→B→C is a path.”,2025-12-03T22:30:17.988Z
Spring,Весна,Spring,2026-03-31T22:34:32.485Z
She is innocent,Она невиновна,,2025-12-30T05:06:23.699Z
Paragraph,Абзац,,2026-02-27T09:54:54.910Z
forward,переслать,пересылать пакет; Example: The router forwards the packet,2026-03-15T18:49:00.085Z
give out,раздавать,They gave out the brochures. / The battery gave out,2025-12-25T19:32:13.941Z
honestly,честно,,2025-12-31T01:02:12.563Z
steering wheel,руль,рулевое колесо /ˈstɪərɪŋ wiːl/; Keep both hands on the steering wheel. — Держи обе руки на руле,2025-12-23T01:52:11.091Z
could,мог,"Мог, мог бы; past form of can; пример: “I could help you.”",2025-12-07T15:58:05.300Z
wrong,неправильно,,2025-12-25T22:50:18.129Z
thick smoke,густой дым,,2026-04-26T14:45:07.590Z
Iceland Icelandic,Исландия Исландский,,2025-12-14T22:01:00.495Z
a tendency,тенденция,There is a tendency for people to follow trends in fashion,2025-07-22T08:35:38.264Z
keep in mind,имей в виду,,2026-04-27T18:23:27.092Z
Thursday,четверг,,2025-07-28T17:01:19.637Z
probably,вероятно,,2025-12-01T23:42:20.046Z
Trust me,Доверяй мне,">> Trust me, I know how they think, these",2026-05-02T23:31:42.654Z
inborn desire,врождённое желание,"Существительное \desire\"" = внутреннее желание. I don't have an inborn desire to study foreign languages. — У меня нет врождённого желания учить иностранные языки.""",2026-02-27T06:16:30.840Z
delete,удалить,удалить,2025-07-02T14:26:03.505Z
In eighteen hundred,в 1800,,2026-03-31T19:09:14.631Z
Introduction,Введение,,2026-02-27T09:54:44.565Z
to be late,опаздывать,,2025-12-24T02:01:47.837Z
knowledge,знания,знания,2025-07-02T14:40:57.774Z
pull,"тянуть, тащить","тянуть, тащить /pʊl/; Pull the door. — Потяни дверь",2025-12-23T01:52:00.750Z
elbow,локоть,"локоть / удар локтем; strike using the elbow; Example: \He threw an elbow.\"" — Он пробил локтем; нюанс: очень жёсткий удар""",2025-11-23T20:32:35.229Z
married,женатый,,2026-04-07T14:32:52.555Z
I apologize for that,Извините за это,,2026-04-27T15:41:03.816Z
decrypt,расшифровать,расшифровать,2025-07-02T14:25:56.348Z
I guess,"Думаю, что",,2025-12-28T01:57:56.150Z
a spine,позвоночник,,2026-04-07T14:40:50.479Z
sample,образец,образец; sample = example item; Example: Sample output — Образец вывода,2025-12-01T21:59:10.018Z
subnet mask,маска подсети,маска подсети; Example: The subnet mask defines the network size,2026-03-15T18:45:27.852Z
cough,кашель,,2026-04-07T14:42:36.626Z
hit the pockets,ударить по карману,Going out to eat every weekend can hit the pockets hard,2026-04-02T01:29:53.908Z
a fridge,холодильник,,2026-04-09T11:12:43.069Z
more/less or fewer,больше меньше,,2026-03-30T17:19:05.858Z
documentation,документация,документация,2025-07-02T14:32:19.089Z
Trousers,Брюки,Trousers,2026-03-07T14:59:45.152Z
erase,удалить,стирать,2025-07-02T14:33:49.844Z
I wore a coat,я надел пальто,,2026-04-06T14:40:31.391Z
Lawless,Беззаконный,,2026-03-31T17:55:47.989Z
a battery,батарея,,2026-04-09T11:13:09.899Z
actor,актёр,Актёр; a person who performs in films or theatre; пример: “The actor played the main role.”,2025-12-03T22:49:28.781Z
simple path,простой путь,Простой путь — без повторов вершин; path with no repeated vertices; пример: “A→B→C is simple.”,2025-12-03T22:30:19.016Z
brief,краткий,,2026-04-27T15:40:50.835Z
Jittery,нервный,,2026-04-27T15:42:23.532Z
require,требовать,This requires assistance from the underlying platform,2026-05-20T06:59:12.865Z
represent,представлять,State is often represented by a Zod object,2026-05-20T06:59:12.545Z
urgent,срочный,The sender urgently reports a problem,2026-05-20T06:59:18.161Z
state,состояние,State is the actual data of the application,2026-05-20T06:59:16.315Z
runtime,среда выполнения,The LangGraph runtime selects a node to execute,2026-05-20T06:59:14.638Z
Future uncertainty,Неопределенность будущего,,2026-05-07T23:25:46.413Z
trace,трассировка,LangSmith provides useful tracing capabilities,2026-05-20T06:59:17.723Z
section,раздел,We add context sections to the prompt,2026-05-20T06:59:14.839Z
specify,указать,We specify the name of the node,2026-05-20T06:59:16.078Z
variable,переменная,We assign a classification variable,2026-05-20T06:59:18.579Z
sender,отправитель,Processing email from state dot sender email,2026-05-20T06:59:15.079Z
stub,заглушка,We stub it out as if it was a production server,2026-05-20T06:59:16.961Z
serial,последовательный,In the serial case nodes run one after another,2026-05-20T06:59:15.482Z
store,сохранить,A checkpointer will store the state into persistent storage,2026-05-20T06:59:16.531Z
property,свойство,State is an object with an nlist property,2026-05-20T06:59:10.990Z
snapshot,снимок состояния,You are taking a snapshot of the state at that point,2026-05-20T06:59:15.874Z
structured,структурированный,We call LLM dot with structured output,2026-05-20T06:59:16.729Z
Formation,процесс Образование,"Word formation\\"" (процесс создания/образования новых слов).""",2026-05-03T19:34:36.663Z
current passwords,текущие пароли,current passowords will be encrypted,2026-03-26T01:15:03.837Z
rollback,откат изменений,You can roll back the state and restart operations,2026-05-20T06:59:14.405Z
restore,восстановить,You can restore state from a previous time,2026-05-20T06:59:13.492Z
recover,восстановиться,You can easily recover gracefully from failures,2026-05-20T06:59:11.940Z
thread,поток,A thread is a collection of checkpoints over time,2026-05-20T06:59:17.490Z
review,проверка,High urgency emails require human review,2026-05-20T06:59:14.195Z
reducer,функция редуктора,The reducer function merges multiple state updates,2026-05-20T06:59:12.117Z
resume,возобновить,We resume the graph with a new input,2026-05-20T06:59:13.749Z
suspend,приостановить,Interrupt suspends the graph to await human input,2026-05-20T06:59:17.171Z
workflow,рабочий процесс,You're building an email support workflow,2026-05-20T06:59:18.954Z
provide,предоставить,The runtime provides the node with current state,2026-05-20T06:59:11.240Z
persistent,постоянный,State is preserved even when the graph isn't running,2026-05-20T06:59:10.798Z
persist,сохранять,This lets us persist state across invocations,2026-05-20T06:59:10.507Z
pass,передать,Control is passed to a node based on a condition,2026-05-20T06:59:09.941Z
parallel,параллельный,In the parallel case all nodes run simultaneously,2026-05-20T06:59:09.708Z
overwrite,перезаписать,The value written last would overwrite previous state,2026-05-20T06:59:09.539Z
invoke,вызвать,We invoke the model with the draft prompt,2026-05-20T06:59:08.673Z
interrupt,прерывание,Interrupt will pause execution and suspend the graph,2026-05-20T06:59:08.490Z
interactive,интерактивный,This is an interactive demo you can run,2026-05-20T06:59:08.239Z
intent,намерение,We classify the intent and urgency of the email,2026-05-20T06:59:08.007Z
instance,экземпляр,"In all cases, rigorous evaluation is necessary",2026-05-20T06:59:07.583Z
initialize,инициализировать,"When a graph is invoked, state gets initialized",2026-05-20T06:59:07.284Z
implement,реализовать,Let's implement the graph node by node,2026-05-20T06:59:06.837Z
illustrate,иллюстрировать,We'll illustrate what the node is doing,2026-05-20T06:59:06.601Z
handle,обрабатывать,Handle errors with try-catch,2026-05-20T06:59:06.366Z
guideline,руководство,We give some guidelines to the LLM in the prompt,2026-05-20T06:59:06.113Z
framework,фреймворк,LangGraph is a framework for durable AI agents,2026-05-20T06:59:05.700Z
fetch,загрузить,The read email node fetches the email from the server,2026-05-20T06:59:03.905Z
failure,сбой,Long running agents can fail,2026-05-20T06:59:03.677Z
external,внешний,We need some kind of external input,2026-05-20T06:59:03.401Z
evaluation,оценка,LangGraph supports tracing and evaluation,2026-05-20T06:59:03.213Z
evaluate,оценивать,LangSmith supports tracing and evaluation,2026-05-20T06:59:02.934Z
edge,ребро,An edge is the control flow of your graph,2026-05-20T06:59:02.795Z
durable,устойчивый,LangGraph provides a durable runtime for AI agents,2026-05-20T06:59:02.539Z
draft,черновик,The LLM generates a draft response,2026-05-20T06:59:02.329Z
deploy,развернуть,It can be hosted by LangSmith Deployment,2026-05-20T06:59:02.160Z
demonstrate,демонстрировать,Let's demonstrate how persistence works,2026-05-20T06:59:01.916Z
define,определить,You first define the state the graph will operate on,2026-05-20T06:59:01.757Z
critical,критический,If the urgency is critical we require human review,2026-05-20T06:59:01.493Z
create,создать,LangGraph creates a snapshot of the state,2026-05-20T06:59:01.180Z
concept,концепт,Let's go more deeply into what super steps are,2026-05-20T06:59:00.626Z
concatenate,объединить,We're taking the original state and concatenating,2026-05-20T06:59:00.217Z
combine,комбинировать,We combine parallel branches into super steps,2026-05-20T06:58:59.207Z
classify,классифицировать,We classify the intent of the email,2026-05-20T06:58:57.788Z
call,вызвать,We call the structured LLM with the prompt,2026-05-20T06:58:56.128Z
await,ждать,We'll await the result of the LLM call,2026-05-20T06:58:53.005Z
approve,одобрить,"If human decision is approved, we send the reply",2026-05-20T06:58:45.422Z
allow,разрешить,Checkpointing allows you to recover from failures,2026-05-20T06:58:38.020Z
add,добавить,We add an edge from the START node to A,2026-05-20T06:58:37.104Z
Brave,Смелый,,2026-04-02T12:57:35.906Z
Saturday,суббота,,2025-12-14T20:38:42.266Z
The forty-fourth,Сорок четвёртый,,2026-03-31T18:48:17.515Z
thousand,тысяча,,2026-03-31T18:49:44.512Z
suppose,"предполагать, допускать","предполагать, допускать; Suppose a license plate must consist of 7 numbers or letters. — Предположим, что номерная табличка должна состоять из 7 цифр или букв",2025-12-17T16:03:46.230Z
to shine,светить,The sun is shining brightly today,2025-10-14T21:53:32.590Z
The hundredth,Сотый,,2026-03-31T18:48:41.940Z
a sink,раковина,,2026-04-09T11:16:13.447Z
twentieth,двадцатый,,2026-03-31T18:47:25.204Z
unit place,разряд единиц,"разряд единиц; In the number 347, 7 is in the unit place. — В числе 347 цифра 7 стоит в разряде единиц",2025-12-17T14:57:56.211Z
incredible,невероятный,невероятный; extremely good or surprising; Example: She made incredible progress in English. — Она сделала невероятный прогресс в английском,2026-05-09T18:36:01.134Z
an iron,утюг,,2026-04-09T11:12:34.681Z
establish connection,установить соединение,установить соединение; Example: The client establishes a connection,2026-03-15T18:50:33.028Z
Shortly,вскоре,,2026-03-30T16:03:26.483Z
the fourth,четвёртый,,2026-03-31T18:47:06.003Z
queue,очередь,очередь,2025-07-02T14:49:23.925Z
carefully,внимательно,You read the story carefully,2026-03-30T16:24:53.190Z
irregular,Нерегулярный,"Нерегулярный; Language is both systematic and unsystematic, regular and irregular. → Язык одновременно системный и несистемный, регулярный и нерегулярный",2025-12-13T22:19:26.955Z
just in time,как раз вовремя,как раз вовремя — He arrived just in time,2025-10-05T19:14:32.974Z
The bomb exploded,Бомба взорвалась,,2026-03-31T22:45:35.211Z
vertex,вершина,Вершина — базовая точка графа; a vertex is a node in a graph; пример: “Each city is a vertex.”,2025-12-03T22:29:58.398Z
"government,",правительство,"In every government, there is a president",2026-03-31T22:35:32.118Z
English (international),международный английский,международный английский,2025-07-02T14:33:27.568Z
to hurt,поранить,"поранить; to cause injury; Example: \You can get hurt.\"" — Можно пораниться; нюанс: предупреждение в спарринге""",2025-11-23T20:32:39.548Z
to finish,завершить,I need to finish my painting before the exhibition,2025-10-14T21:53:30.306Z
folder,папка,папка,2025-07-02T14:35:43.863Z
a kitchen,кухня,,2026-04-09T11:16:36.123Z
a towel,полотенце,,2026-04-09T11:11:35.524Z
lift up,поднять,,2026-03-31T22:39:16.441Z
hexadecimal,шестнадцатеричный,шестнадцатеричный; hexadecimal = base-16; Example: Use hexadecimal notation — Используй шестнадцатеричную запись,2025-12-01T21:59:04.566Z
necessarily,обязательно,,2026-03-26T16:40:04.163Z
anytime,в любое время,в любое время — You can call me anytime,2025-10-05T19:14:27.052Z
a radio,радио,,2026-04-09T11:12:02.036Z
a chair,стул,,2026-04-09T11:13:37.337Z
consequently,следовательно,,2026-05-03T18:48:08.035Z
private,"частный, приватный","частный, приватный",2025-07-02T14:48:30.828Z
He is very upset,Он очень расстроен,,2025-12-31T01:02:44.146Z
a curtain,занавеска,,2026-04-09T11:17:30.053Z
soon after,вскоре после,вскоре после — He left soon after the meeting,2025-10-05T19:14:18.758Z
Must adapt,Должно адаптироваться,,2026-05-07T23:25:57.913Z
to avoid,избегать,избегать; to stay away from something bad or unwanted; Example: He tries to avoid conflicts at work. — Он старается избегать конфликтов на работе,2026-05-09T18:35:50.355Z
Structure,Структура,"studies words and their structure\\"" (изучает слова и их строение).""",2026-05-03T19:33:07.826Z
day,день,день — It’s a beautiful day,2025-10-05T19:13:35.001Z
Global turmoil,Глобальные потрясения,,2026-05-07T23:25:55.898Z
too much pressure,слишком большое давление,,2025-12-28T01:57:23.384Z
salt,соль,,2026-04-26T14:26:28.369Z
Prefix / Suffix,Приставка / Суффикс,"Adding a prefix or suffix\\"" (добавление частей слова для его изменения).""",2026-05-03T19:34:48.010Z
I missed you,Ты мне не хватал,,2025-12-31T00:59:40.263Z
to tend,иметь склонность,иметь склонность; to usually behave in a certain way; Example: People tend to trust confident leaders. — Люди склонны доверять уверенным лидерам,2026-05-09T18:36:04.267Z
takes precedence,имеет приоритет,"There’s not much else to explain here, the enable secret always takes precedence over",2026-03-26T01:40:06.370Z
early,рано,рано — I get up early,2025-10-05T19:14:26.577Z
South,Юг,,2025-11-09T17:40:43.613Z
receiver,получатель,,2026-03-29T19:10:03.553Z
a worm,червь,The gardener found a worm while digging in the soil,2025-07-22T08:35:40.777Z
pack,"упаковывать, архивировать","упаковывать, архивировать",2025-07-02T14:46:21.153Z
amount,количество,,2026-04-26T14:47:00.417Z
to warm,греть,,2026-04-17T22:58:39.040Z
to find,найти,I couldn't find Andrew's phone number,2025-10-14T21:51:33.944Z
East,Восток,,2025-11-09T17:40:49.168Z
additional,дополнительный,,2025-07-22T08:34:07.171Z
at last,наконец,,2026-04-06T17:03:18.086Z
Sense,Смысл,"It makes no sense\\"" (пример Хомского про зеленые идеи — это бессмыслица).""",2026-05-03T19:34:17.100Z
prone,"склонный, подверженный","склонный, подверженный; likely to suffer from something; Example: Some people are prone to stress. — Некоторые люди подвержены стрессу",2026-05-09T18:36:28.540Z
to enter,вводить,вводить; enter = input data; Example: Enter your password — Введите пароль,2025-12-01T21:58:12.619Z
properly,правильно,"If you configure the rules properly, if PC1 in the New York Branch",2026-03-26T17:21:10.180Z
to wait,ждать,We need to wait in line for the tickets,2025-10-14T21:52:00.003Z
description,описание,I think this is only one description of angels from one book of the Bible. Are there other descriptions?,2026-04-22T23:49:10.851Z
lips,губы,,2026-04-07T14:38:40.320Z
triceps,трицепс,"So chest, triceps, shoulders, you push up like this",2025-11-22T21:25:43.978Z
Branch,Ветвь / Раздел,"a branch of linguistics\\"" (раздел лингвистики).""",2026-05-03T19:33:06.327Z
Satisfiable,Выполнимая,Выполнимая,2025-11-13T16:43:18.868Z
disable,отключить,отключить функцию; Example: Disable the unused port,2026-03-15T18:50:21.941Z
clothes,одежда,,2025-11-22T20:13:45.142Z
How do you pronounce,Как произносится,,2026-03-31T18:59:46.976Z
a stomach,живот,,2026-04-07T14:41:35.369Z
a fork,вилку,"In the kitchen, you can take a plate, a fork, a spoon, a knife, or a cup",2026-04-01T22:40:24.086Z
Then,затем,"If you’re ready, then let’s go",2025-11-08T22:37:47.026Z
to turn,повернуть,Turn right at the traffic lights,2025-10-14T21:53:20.423Z
listen,(слушать),(слушать) It is important to listen to others. — Важно слушать других,2025-10-26T15:15:00.587Z
air fryer,аэрофритюрница,,2026-03-23T01:37:15.423Z
morning,утро,утро — Good morning!,2025-10-05T19:13:59.828Z
fact from the Bible,факт из Библии,,2026-04-22T23:40:06.822Z
Mention,Упомянуть,,2026-03-30T00:09:16.124Z
age,возраст,век / возраст — The Stone Age was long ago,2025-10-05T19:14:37.819Z
to destroy the evidence,уничтожить улики,,2026-04-26T14:46:05.564Z
to get,получить,I got a gift for my birthday,2025-10-14T21:52:57.378Z
to inject,"вводить, впрыскивать","вводить, впрыскивать; to put liquid into the body with a needle; Example: Doctors inject the medicine slowly. — Врачи медленно вводят лекарство",2026-05-09T18:36:37.532Z
convention,конвенция,"Конвенция, соглашение; Language is a convention, tradition, social institution. → Язык — это конвенция, традиция, социальный институт",2025-12-13T22:19:11.870Z
graph,граф,Граф — структура из вершин и рёбер; a graph is a set of vertices and edges; пример: “This graph models a road network.”,2025-12-03T22:29:56.852Z
insane events,безумные события,,2026-05-08T00:01:38.277Z
concern,беспокойство,,2026-05-07T23:31:01.232Z
Knowledge becomes obsolete quickly,Знания стареют (устаревают) быстро,,2026-05-07T23:26:25.932Z
invincible,непобедимый,,2026-05-02T23:38:55.147Z
ability,способность,Need to assess your ability to aromatize,2026-05-08T21:26:48.278Z
Supplements,добавки,Supplements: Do you have the,2026-05-08T21:24:40.870Z
a prescription,рецепт врача,,2026-04-27T15:43:37.863Z
Poland Polish,Польша Польский,,2025-12-14T21:57:20.817Z
enough,достаточно,,2026-05-03T18:39:18.878Z
Flexible,Гибкий,"Lexis is flexible meaning\\"" (лексика — это подвижный""",2026-05-03T19:33:39.045Z
overrun,наводнить. захватить,наводнить. захватить; переполнить; exceed a limit; The city was overrun by tourists. Город был переполнен туристами,2026-05-03T01:59:04.905Z
grove,роща,роща; small group of trees; They walked through the grove. Они шли через рощу,2026-05-03T01:59:23.522Z
She's trouble,Она проблема,She's trouble,2026-05-02T23:30:41.725Z
pretty,симпатичный,симпатичный; довольно; very; She is pretty smart. Она довольно умная,2026-05-03T01:59:10.557Z
convenient feature,удобная функция,Now I want to show you a convenient feature of the CLI,2026-03-22T23:16:36.065Z
I get it,я понял,"я понял; informal understanding; Okay, I get it now. Теперь я понял",2026-05-03T01:59:12.132Z
set,файл,Language is a set of habits,2025-10-01T22:33:20.514Z
environment,среда,среда; environment = context or platform; Example: Development environment — Среда разработки,2025-12-01T21:59:10.477Z
shame,стыд,"стыд; жалко; make someone feel bad; It’s a shame you missed it. Жаль, что ты пропустил",2026-05-03T01:59:11.169Z
to dare,осмелиться,осмелиться; challenge; He dared to speak. Он осмелился говорить,2026-05-03T01:59:15.771Z
"branch,",ветка,"and this Enterprise has a branch in New York, and a branch in Tokyo",2026-03-26T16:58:28.022Z
uphill,в гору,в гору; трудный; literal and figurative meaning; It was an uphill battle. Это была трудная борьба,2026-05-03T01:59:06.055Z
their background is unknown,Их происхождение неизвестно,,2026-05-03T18:49:49.749Z
Cut it out,прекрати,,2026-04-02T11:48:45.245Z
foreign languages,иностранные языки,,2025-12-28T01:54:19.860Z
a quarter,четверть,,2026-03-31T18:51:14.040Z
Look out,Осторожно,,2026-05-02T21:50:16.555Z
cannot,не могут,не могут; They cannot be any repetitions in the same license plate. — На одной и той же номерной табличке не может быть повторяющихся символов,2025-12-17T16:04:30.228Z
who,кто,"кто; относительное/вопросительное местоимение; Example: The person who called. (Человек, который звонил.) /huː",2025-12-07T18:16:18.355Z
two point five,два целых пять,,2026-03-31T18:51:52.136Z
But what for?,Но зачем?,,2026-05-02T23:33:58.945Z
copy,"копия, копировать","копия, копировать",2025-07-02T14:24:42.209Z
degree,степень,Степень — число рёбер вершины; degree is the number of edges incident to a vertex; пример: “The degree of A is 3.”,2025-12-03T22:30:13.630Z
manual,руководство,руководство,2025-07-02T14:43:39.323Z
look out,осторожно,осторожно; высматривать; used as a warning; Look out! There is a car coming. Осторожно! Машина едет,2026-05-03T01:59:04.466Z
A whisper,Шёпот,A whisper,2026-03-31T22:42:09.896Z
class,"класс, вид",класс,2025-07-02T14:21:00.525Z
cooling systems,системы охлаждения,,2026-04-18T01:04:42.273Z
Clarity,Ясность,,2026-02-27T09:55:46.860Z
Notice,Заметьте,"Notice I used the short version of configure terminal, conf t, to enter global configuration",2026-03-26T00:23:16.495Z
default,по умолчанию,по умолчанию,2025-07-02T14:26:00.211Z
executable,исполняемый,исполняемый,2025-07-02T14:34:15.307Z
hill,холм,холм,2026-05-03T02:02:34.076Z
to cry,плакать,I could hear someone crying in the next room,2025-10-14T21:54:04.528Z
Please correct the mistakes,"Пожалуйста, исправьте ошибки",,2025-12-28T01:55:09.974Z
modern,современный,,2025-12-30T05:01:40.338Z
vacation,отпуск,,2026-01-25T18:04:58.501Z
convention,"конвенция, договорённость",Language is a convention. / Jazyk je konvencia,2025-10-01T22:33:22.856Z
conditions,условия,условия; Meet the conditions. — Выполнить условия,2025-12-17T15:59:22.015Z
command,команда,команда,2025-07-02T14:21:32.352Z
console,консоль,консоль,2025-07-02T14:24:19.949Z
comment,комментарий,комментарий,2025-07-02T14:21:48.235Z
significant impact,значительное влияние,,2026-04-18T00:56:52.299Z
Cultural legacy,Культурное наследие,,2026-04-01T14:09:02.121Z
Prescriptive,Предписывающий,"how you should speak\\"" (как нужно говорить по правилам).""",2026-05-03T19:34:11.277Z
I can’t do it,Я не могу этого сделать,,2025-12-25T23:35:53.675Z
perhaps,возможно,"возможно; uncertainty; Perhaps we meet later. Возможно, встретимся позже",2026-05-03T01:59:18.578Z
How many are there?,Сколько их?,,2026-05-02T22:06:38.171Z
secretary,Секретарь,Секретарь; a person who assists with administrative tasks; пример: “The secretary organized the meeting.”,2025-12-03T22:49:30.048Z
I'm not sure,Я не уверен,,2025-12-28T01:48:51.037Z
sunrise,восход солнца,,2025-10-05T19:14:30.726Z
a bone,кость,,2026-04-07T14:35:59.639Z
dependency,зависимость,зависимость,2025-07-02T14:26:11.915Z
Rhyming,Рифмованный,"Cockney Rhyming Slang\\"" (лондонский рифмованный сленг: apples and pears).""",2026-05-03T19:34:56.673Z
Descriptive,Описывающий,"how people actually speak\\"" (как люди говорят на самом деле).""",2026-05-03T19:34:07.064Z
well‑balanced,хорошо сбалансированые,,2026-05-03T18:41:57.685Z
to carry on,продолжать,I decided to carry on with my studies despite the challenges,2025-10-14T21:51:42.957Z
a wardrobe,шкаф,,2026-04-09T11:13:24.786Z
Incredible,Невероятно,Marlin was incredible amazing trust Dori,2026-04-02T11:47:56.678Z
avoid,избегать,,2026-04-27T18:21:00.010Z
bear,медведь,,2026-04-09T11:08:13.575Z
a bruise,синяк,,2026-04-07T14:42:11.624Z
counter,счётчик,,2026-04-27T18:23:13.592Z
go down,упасть ебнуться,,2026-04-02T01:18:47.761Z
let it be,оставь как есть,,2026-04-04T16:07:35.805Z
database,база данных,база данных,2025-07-02T14:25:37.077Z
Underline,Подчеркнуть,,2026-03-16T16:53:33.748Z
assign,назначить! адрес или параметр,назначить! адрес или параметр; Example: Assign an IP address to the interface,2026-03-15T18:48:47.834Z
a microwave,микроволновая печь,,2026-04-09T11:12:21.689Z
a hall,зал,,2026-04-09T11:16:46.791Z
always,всегда,всегда — She always smiles,2025-10-05T19:14:12.275Z
distance,расстояние,расстояние,2025-07-02T14:31:59.896Z
just,только,I just finished my homework,2026-04-02T11:42:30.373Z
worth,имеет смысл,Используется для оценки действий; Example: It is worth checking the configuration. — Стоит проверить конфигурацию,2026-04-29T17:25:15.243Z
symbol of justice,символ справедливости,,2026-04-01T22:33:30.815Z
destuction,уничтожение,,2026-04-18T01:02:03.183Z
enemy,враг,враг; opponent; He is my enemy. Он мой враг,2026-05-03T01:59:14.978Z
not all at once,не всё сразу,,2026-04-26T14:21:25.937Z
dare,осмелиться,you dare to enter Barbaroy?,2026-05-02T23:37:45.570Z
twenty oh-nine,две тысячи девятый,,2026-03-31T18:56:53.666Z
downhill,под гору,,2026-05-03T02:02:08.813Z
carriage,карета,карета; also a train wagon or part of a machine; The carriage was full of people. Вагон был полон людей,2026-05-03T01:59:03.114Z
I assume,Предполагаю,I assume it's elegance and not stupidity,2026-05-02T23:38:05.115Z
a fence,забор,,2026-04-09T11:17:02.681Z
Keep going,Продолжайте,,2025-12-31T01:00:12.237Z
English,британский английский,британский английский,2025-07-02T14:33:33.790Z
Guilt,Вина,,2026-03-30T22:28:00.634Z
attached,прикреплённый,,2026-04-26T14:47:29.594Z
Value,Ценность,,2026-04-02T12:57:02.903Z
a cheek,щека,,2026-04-07T14:36:30.693Z
fiber,волокно (оптическое),волокно (оптическое),2025-07-02T14:35:03.758Z
a beard,борода,,2026-04-07T14:35:50.511Z
Break the law,Нарушение закона,,2026-03-31T17:54:58.156Z
put in,"вкладывать, устанавливать",,2026-03-31T22:41:31.886Z
opensource,открытое ПО,открытое ПО,2025-07-02T14:46:03.580Z
exit,"выход, завершение","выход, завершение",2025-07-02T14:34:21.749Z
appeared,появился,"Also, you may notice that a 7 has appeared before the password",2026-03-26T00:29:14.432Z
furniture,мебель,"Inside, you will see rooms, windows, and furniture",2026-04-01T22:39:15.870Z
fuel,топливо,,2026-04-26T14:49:38.690Z
hexadecimal,шестнадцатеричный,шестнадцатеричный,2025-07-02T14:37:55.659Z
into,в,The cat jumped into the box,2026-04-02T11:42:19.208Z
Death,Смерть,Death,2026-03-31T22:36:28.090Z
free software,свободное ПО,свободное ПО,2025-07-02T14:36:04.094Z
editor,редактор,редактор,2025-07-02T14:32:44.224Z
China Chinese,Китай Китайский,,2025-12-14T21:58:51.028Z
What percent of people,Какой процент людей,,2026-04-26T14:20:39.082Z
mushroom,гриб,,2026-04-26T14:13:40.128Z
payload,полезная нагрузка,"That means that the minimum payload is 46 bytes, and padding will be added if the payload",2026-03-30T23:36:54.903Z
file,файл,файл,2025-07-02T14:35:12.906Z
an eyebrow,бровь,,2026-04-07T14:37:20.582Z
occur / do occur,произойти,,2026-04-27T18:21:23.990Z
to magnify,увеличить,,2026-04-01T11:57:52.583Z
logical assumption,логичное предположение,,2026-03-28T14:05:17.779Z
"identification, identificator","идентификация, идентификатор","идентификация, идентификатор",2025-07-02T14:38:57.147Z
The fifteenth,Пятнадцатый,,2026-03-31T18:48:31.412Z
plug,"штекер, подключать","штекер, подключать",2025-07-02T14:47:28.546Z
to kid,разыгрывать,,2026-01-25T18:24:57.539Z
availability,доступность системы,доступность системы; Example: High availability is important for servers,2026-03-15T18:43:19.021Z
two fifths,две пятых,,2026-03-31T18:51:02.150Z
belong to,принадлежит к,,2026-04-26T14:49:25.044Z
Close,близкий,,2026-04-02T00:44:02.945Z
He is less tired,он менее устал,,2026-04-26T14:27:05.596Z
dust,пыль,"And this is: dirt, dust, crumbs, mold",2026-03-31T22:48:39.252Z
hardware,аппаратное обеспечение,аппаратное обеспечение,2025-07-02T14:37:27.741Z
to spend time on,тратить время на,тратить время на; always used with “on”; I spend time on books. — Я трачу время на книги,2025-12-06T22:55:15.414Z
during the lesson,во время урока,,2026-04-26T14:16:01.597Z
must operate,должен работать,,2026-04-27T18:21:40.322Z
to conform to standards,соответсвовать стандартам,,2026-04-23T17:09:03.795Z
we will discuss,мы обсудим,,2026-04-26T14:50:38.049Z
magnifying glass,лупа,"So, here’s our topology, and notice this magnifying glass here",2026-03-31T18:29:53.636Z
calculate,рассчитать,,2026-04-26T14:24:22.513Z
nice,"Милый, приятный","Милый, приятный; pleasant or friendly; пример: “She said a nice comment.”",2025-12-04T00:48:00.907Z
bucket,ведро,,2026-03-31T22:47:53.038Z
religion,религия,,2026-04-25T15:10:17.864Z
the only way,единственный способ,единственный способ; the single possible method; Example: This is the only way to win. (Это единственный способ победить.) /ðiː ˈoʊnli weɪ,2025-12-07T18:16:17.302Z
within,в рамках,,2026-03-27T21:37:22.741Z
a tongue,язык,,2026-04-07T14:41:46.123Z
a vegetable,овощ,,2026-04-26T14:25:57.071Z
dig,копать,,2026-03-29T19:41:19.002Z
State,заявлять,,2026-03-30T16:11:43.971Z
a yard,двор,,2026-04-09T11:15:35.062Z
except,кроме,"Marlin is a good father, except jokes",2026-04-02T11:49:23.232Z
thump,большей палец,,2025-12-23T01:52:01.173Z
a chin,подбородок,,2026-04-07T14:36:41.810Z
mismatch,несоответствие,,2026-04-27T18:23:07.504Z
sophisticated,сложный,,2026-04-27T18:21:30.309Z
to sense,чувствовать,,2026-04-27T18:23:00.945Z
an armchair,кресло,,2026-04-09T11:15:18.193Z
moreover,кроме того,"«Более того»; добавление информации; Example: Moreover, the results suggest a new trend",2025-12-10T03:11:09.754Z
particular,"конкретный, определённый","конкретный, определённый; I am looking for a particular book. — Я ищу конкретную книгу",2025-12-17T14:58:07.860Z
a balcony,балкон,,2026-04-09T11:18:09.507Z
intense pain,сильная боль,,2026-04-26T14:46:29.426Z
France French,Франция Французский,,2025-12-14T22:00:09.638Z
neighbour,сосед,,2026-04-07T14:32:20.118Z
This is known as,Это известно как,"This is known as a KNOWN UNICAST frame, because the destination is already in its MAC address",2026-03-30T16:39:21.941Z
nighttime city,ночной город,,2026-03-31T22:30:15.648Z
release,"выпуск, релиз","выпуск, релиз",2025-07-02T14:50:01.276Z
wall,стена,,2026-04-01T14:04:15.773Z
lack of election,отсутвие отбора,,2026-04-18T01:04:26.094Z
core,ядро процессора,ядро (процессора),2025-07-02T14:24:50.664Z
entering and exiting,входящий исходящий,,2026-03-27T21:51:29.550Z
The third,Третий,,2026-03-31T18:36:30.936Z
decimal,десятичный,десятичный,2025-07-02T14:25:48.889Z
foolish,глупые,"Some are foolish, and some are smart",2026-04-01T22:42:03.705Z
An entrance,Вход,An entrance to a building,2026-04-01T22:41:00.128Z
You didn’t say anything,Ты ничего не сказал,,2026-04-27T15:41:20.094Z
Ceiling,потолок,,2026-04-01T14:05:12.559Z
development,разработка,разработка,2025-07-02T14:26:27.509Z
reachability,доступность,Ключевой термин в сетях (можно ли добраться до узла); Example: Test reachability using ping. — Проверь достижимость с помощью ping,2026-04-29T17:24:55.186Z
to take,взять,Please take this book with you,2025-10-14T21:52:11.596Z
blood,кровь,,2026-04-07T14:42:00.519Z
pledge,обет,She made a pledge to help the community every weekend,2026-04-02T11:50:08.286Z
likewise,так же,Используется для добавления аналогичной информации; Example: Router B behaves likewise. — Маршрутизатор B ведёт себя аналогично,2026-04-29T17:25:22.607Z
subject to,зависит от,"при условии, зависит от; Coloured subject to rules. — Окрашено при соблюдении правил",2025-12-17T15:59:13.337Z
circle,круг,This circle is blue,2026-03-31T22:39:43.980Z
farther from us,дальше от нас,"In winter, it is cold because the Sun is farther from us",2026-03-31T22:33:08.616Z
connect,подключать,подключать,2025-07-02T14:24:05.737Z
Get to the office,добираться до офиса,,2026-04-02T01:14:57.480Z
stairs,лестница,,2026-04-09T11:15:56.636Z
Foreign policy,Внешняя политика,,2026-04-02T01:27:12.986Z
Are you insane,Вы с ума сошли?,"The parents of the fish say that all the children went to the reef Marlin is feared and yells at them:\Are you insane?! It's dangerous!\""""",2026-04-02T11:47:19.152Z
expression,выражение,выражение,2025-07-02T14:34:29.729Z
to cover,покрывать,Here’s what we’ll cover in this video,2025-07-22T08:25:31.944Z
"controller, control unit",контроллер,контроллер,2025-07-02T14:24:38.979Z
common,"общий, обычный it's a common thing","общий, обычный it's a common thing",2025-07-02T14:21:53.964Z
toward,по направлению к,Предлог направления; Example: Traffic goes toward the gateway. — Трафик идёт к шлюзу,2026-04-29T17:25:46.137Z
collaboration,совместная работа,совместная работа,2025-07-02T14:21:17.986Z
copyright,авторское право,авторское право,2025-07-02T14:24:46.393Z
compiler,компилятор,компилятор,2025-07-02T14:22:15.260Z
get older,становится старше,,2026-04-02T01:16:38.585Z
container,контейнер,контейнер,2025-07-02T14:24:26.628Z
component,компонент,компонент,2025-07-02T14:23:47.586Z
sofa,диван,,2026-03-31T22:37:29.034Z
interpreter,интерпретатор,интерпретатор,2025-07-02T14:39:54.592Z
comparison,сравнение,"This is a comparison of the commands available in user EXEC mode, on the left, and privileged",2026-03-22T23:11:50.898Z
safety measures,меры безопасности,,2026-04-26T14:30:24.684Z
content,содержимое,содержимое,2025-07-02T14:24:30.949Z
digital,цифровой,цифровой,2025-07-02T14:29:55.309Z
fault-tolerant,отказоустойчивый,отказоустойчивый,2025-07-02T14:34:52.099Z
control,управление,"управление, контроль",2025-07-02T14:24:35.973Z
constant,константа,константа,2025-07-02T14:24:23.388Z
to knock,стучать,I knocked on the door before entering,2025-10-14T21:50:55.982Z
curious,любопытный,"Описывает человека, интересующегося темой; Example: A curious engineer tests new configs. — Любознательный инженер тестирует новые конфигурации",2026-04-29T17:26:01.819Z
bin,корзина,,2026-04-01T14:05:38.124Z
current state,текущее состояние,Часто используется при анализе сети; Example: Check the current state of the network. — Проверь текущее состояние сети,2026-04-29T17:24:21.119Z
a cooker,плита,,2026-04-09T11:11:50.659Z
execute,выполни,выполнять,2025-07-02T14:34:17.797Z
computer,"компьютер, ЭВМ","компьютер, ЭВМ",2025-07-02T14:23:51.429Z
chart of the routes,схема маршрутов,"Не самый частотный термин, чаще говорят routing table; Example: The chart of the routes shows all paths. — Схема маршрутов показывает все пути",2026-04-29T17:25:33.332Z
via,через,Часто используется в маршрутах; Example: Send packets via Router A. — Отправь пакеты через маршрутизатор A,2026-04-29T17:25:52.168Z
to assume,"предполагать / исходить из того, что","Используется в логике и сетях при отсутствии полной информации; Example: We assume the link is stable. — Мы предполагаем, что канал стабилен",2026-04-29T17:24:10.581Z
mindless,безмысленая глупая,He watched a mindless movie that didn't make him think at all,2026-04-02T11:49:50.129Z
husband,Муж,Муж; married male partner; пример: “Her husband travels a lot.”,2025-12-07T17:21:17.990Z
to ensure,обеспечивать / гарантировать / убедиться,В CCNA часто означает проверку корректности; Example: Ensure connectivity between devices. — Убедись в наличии связи между устройствами,2026-04-29T17:24:46.900Z
preacher,Проповедник,Проповедник; a person who teaches religion; пример: “The preacher spoke loudly.”,2025-12-07T15:57:45.927Z
Select all rows,Выбрать все строки,,2026-04-26T14:17:34.722Z
nine,девять,,2025-12-14T20:36:09.252Z
beverage,напиток,,2026-04-26T14:24:04.217Z
to learn,учиться,She is learning new words every day,2025-10-14T21:51:21.150Z
access,доступ,доступ,2025-07-02T14:16:06.714Z
account,"учётная запись, аккаунт","учётная запись, аккаунт",2025-07-02T14:16:18.171Z
array,массив,массив,2025-07-02T14:17:43.906Z
agreement,соглашение,"соглашение, договор",2025-07-02T14:16:29.491Z
access control,управление доступом,управление доступом,2025-07-02T14:16:09.743Z
algorithm,алгоритм,алгоритм,2025-07-02T14:16:31.646Z
column,столбец,столбец,2025-07-02T14:21:27.543Z
anonymous,анонимный,анонимный,2025-07-02T14:16:52.151Z
access right,право доступа,право доступа,2025-07-02T14:16:12.540Z
begin,"начало (блока, цикла)","начало (блока, цикла)",2025-07-02T14:19:01.323Z
alternative,альтернативный,альтернативный,2025-07-02T14:16:36.916Z
base,"база, основа","база, основа",2025-07-02T14:18:53.435Z
address,"адрес (числовой, символьный)","адрес (числовой, символьный)",2025-07-02T14:16:23.087Z
argument,аргумент (входные данные),аргумент (входные данные),2025-07-02T14:17:37.158Z
basic,базовый,базовый,2025-07-02T14:18:56.318Z
activity,"активность, действие","активность, действие",2025-07-02T14:16:20.201Z
binary,двоичный,двоичный,2025-07-02T14:19:03.838Z
apply,применять,применять,2025-07-02T14:17:18.824Z
architect,архитектор,архитектор,2025-07-02T14:17:26.926Z
communication,"связь, коммуникация","связь, коммуникация",2025-07-02T14:21:58.714Z
administrator,администратор,администратор,2025-07-02T14:16:27.194Z
authorization,авторизация,авторизация,2025-07-02T14:18:26.988Z
certificate,сертификат,сертификат,2025-07-02T14:20:22.733Z
checksum,контрольная сумма,контрольная сумма,2025-07-02T14:20:50.567Z
application,приложение,приложение,2025-07-02T14:17:15.174Z
the fraction,дробь,,2026-03-31T18:59:58.966Z
cluster,кластер,кластер,2025-07-02T14:21:13.984Z
association,"ассоциация, связь","ассоциация, связь",2025-07-02T14:18:07.433Z
button,кнопка,кнопка,2025-07-02T14:19:55.274Z
border,"граница, рамка","граница, рамка",2025-07-02T14:19:32.323Z
cell,ячейка (таблицы),ячейка (таблицы),2025-07-02T14:20:17.735Z
bridge,мост,мост (сетевое устройство),2025-07-02T14:19:42.050Z
cloud,облако,облако (технологии),2025-07-02T14:21:09.729Z
very proud,очень гордые,They're also very proud of their country and its traditions,2026-04-29T21:59:26.102Z
box,коробка,"блок, контейнер",2025-07-02T14:19:36.111Z
Imagine,Представь себе,"Imagine a place where you can find amazing art, incredibly old buildings, and food that makes your mouth water",2026-04-29T21:55:44.956Z
include,включить,This includes checkpointing and streaming,2026-03-30T23:34:29.625Z
invincible,непобедимый,непобедимый; impossible to defeat; They felt invincible. Они чувствовали себя непобедимыми,2026-03-26T01:09:42.821Z
complete,завершить,All active nodes in a step are completed,2026-03-22T23:37:52.417Z
receive,получить,Node A receives this state object,2026-03-15T18:48:55.500Z
reliability,надёжность,A second issue is reliability,2026-03-15T18:43:08.672Z
latency,задержка,LLMs have very long latencies in seconds,2026-03-15T18:42:09.621Z
approval,одобрение,We wait for human approval before sending,2025-07-22T08:32:21.350Z
reset,сбросить,You can roll back and restart from an earlier state,2025-07-02T14:50:16.024Z
loop,цикл,There is a loop where it calls the graph,2025-07-02T14:42:42.432Z
condition,условие,Control is passed based on a condition,2025-07-02T14:24:01.537Z
wife,Жена,Жена; married woman partner; пример: “His wife is a doctor.”,2025-12-07T17:21:14.533Z
she hated most men,она ненавидела большинство мужчин,,2025-12-30T05:08:39.268Z
glasses,очки,,2026-03-15T16:07:57.504Z
year,год,год — We met last year,2025-10-05T19:14:37.029Z
triangles,треугольники,треугольники; Triangles are coloured. — Треугольники раскрашены,2025-12-17T15:59:32.048Z
knew,знал,I knew the answer to the question,2025-12-28T01:49:42.517Z
umbrella,зонт,,2026-03-15T16:06:43.155Z
wallet,кошелёк,,2026-03-15T18:10:07.455Z
to encrypt,шифровать,шифровать; encrypt = encode data; Example: Encrypt the message — Зашифруй сообщение,2025-12-01T21:58:23.989Z
address space,адресное пространство,адресное пространство; address space = all possible addresses; Example: IPv4 address space is limited — IPv4 имеет ограниченное пространство,2025-12-01T21:58:57.750Z
correlational research,Корреляционное исследование,Корреляционное исследование; проверяет связь без причинности; Example: Correlational research shows associations between variables,2025-12-10T03:14:12.705Z
Quality of life,Качество жизни,,2026-05-08T00:39:10.991Z
part of the curriculum,часть учебной программы,Grammar is part of the curriculum. — Грамматика — часть учебной программы. This module is about programming. — Этот модуль посвящён программированию,2026-02-27T06:22:28.720Z
traffic jam,пробка,пробка /ˈtræfɪk dʒæm/; I was stuck in a traffic jam. — Я застрял в пробке,2025-12-23T01:52:10.006Z
be given,быть данным,"быть дано, вручено; Awards will be given to the winners. — Награды будут вручены победителям",2025-12-17T16:04:50.892Z
Is it not true?,Разве это не правда?,,2025-12-25T22:46:24.124Z
coloured,"окрашенный, раскрашенный","окрашенный, раскрашенный; The triangles are coloured red. — Треугольники окрашены в красный",2025-12-17T15:58:43.452Z
Branch,Ветвь / Раздел,,2026-05-03T19:32:19.790Z
priviledge,привилегия,привилегия,2025-07-02T14:48:38.650Z
Fixed,Фиксированный,"Grammar is the fixed rules\\"" (грамматика — это неизменные правила).""",2026-05-03T19:33:32.897Z
To affect mental health,Влиять на психологическое здоровье,,2026-05-07T23:27:15.978Z
repeater,повторитель,повторитель,2025-07-02T14:50:11.258Z
often,часто,часто — He often travels abroad,2025-10-05T19:14:12.948Z
to generate,пораждать,,2026-04-18T01:01:15.555Z
octal,восьмеричный,восьмеричный,2025-07-02T14:45:50.588Z
introduction,Введение,Введение; задаёт тему и цель исследования; Example: The introduction presents the research problem,2025-12-10T03:14:07.491Z
think  thought  thought,в формах,,2025-12-31T00:58:33.904Z
one years ago,год назад,,2025-12-31T01:05:19.627Z
few,мало,,2025-12-30T05:03:33.757Z
to download,скачать,скачать; download = get data from server; Example: Download the file — Скачай файл,2025-12-01T21:58:17.749Z
Thesis,Тезис,,2026-02-27T09:55:09.178Z
November,ноябрь,,2025-07-28T17:01:22.298Z
learned,Усвоенный,"Усвоенный; Language is learned, not inborn. → Язык усваивается, а не является врождённым",2025-12-13T22:19:40.002Z
Tautology,Тавтология,Тавтология,2025-11-13T16:43:18.298Z
She wrote a book,Она написала книгу,,2025-12-30T05:12:51.302Z
Origin,Происхождение,"The history and origin of words\\"" (история и происхождение слов).""",2026-05-03T19:33:50.441Z
overall,в целом,,2025-12-28T01:54:07.074Z
neo-Nazis,неонацисты,,2025-12-28T00:16:25.942Z
same,одинаковый,,2025-12-31T01:05:00.564Z
according to,согласно,,2026-03-31T17:44:46.105Z
Which one?,который из них?,,2025-12-30T05:12:12.071Z
Context,Контекст,,2026-02-27T09:54:42.426Z
Editing,Редактирование,,2026-02-27T09:55:56.102Z
Conclusion,Заключение,,2026-02-27T09:54:53.031Z
indicated by,обозначенный,"Next is privileged exec mode, indicated by a pound, or hashtag",2026-03-26T01:18:30.963Z
average,среднее,,2025-12-30T05:03:00.147Z
future,будущее,,2026-02-09T00:26:12.282Z
tree,дерево,Дерево — связный граф без циклов; connected acyclic graph; пример: “A file system is a tree.”,2025-12-03T22:30:22.517Z
node,узел,узел; node = any device on a network; Example: A printer is a network node — Принтер является узлом сети,2025-12-01T21:58:28.527Z
Applied,Прикладные,,2026-03-30T13:42:53.366Z
spelling,правописание,,2025-12-27T23:25:07.164Z
AI,ингибитор ароматазы,ингибитор ароматазы; in steroid context AI means a drug that lowers estrogen levels; Example: Some athletes use an AI during cycles. — Некоторые атлеты используют ингибитор ароматазы во время курсов,2026-05-09T18:36:52.665Z
communicate,(общаться),(общаться) We communicate every day. — Мы общаемся каждый день,2025-10-26T15:14:54.472Z
chest,грудная клетка,"So chest, triceps, shoulders, you push up like this",2025-11-22T21:25:40.678Z
weight problems,проблемы с весом,,2026-03-01T12:18:49.134Z
Japan Japanese,Япония Японский,,2025-12-14T21:59:02.945Z
last month,в прошлом месяце,в прошлом месяце — We met last month,2025-10-05T19:14:39.585Z
human quality,человеческое качество,,2025-12-28T01:53:48.450Z
person,человек,"The word \человек\"" in English is \""person.""",2025-11-05T14:01:54.796Z
honor,честь,,2025-12-31T00:59:18.272Z
Than,Чем,She is taller than her brothe,2025-11-08T22:37:03.447Z
were,Прошедшее время to be для you,Прошедшее время to be для you/we/they; past form of be; пример: “They were happy.”,2025-12-07T15:57:22.929Z
values,ценности,,2026-05-03T18:55:07.608Z
Accuracy,Точность,,2026-02-27T09:55:50.056Z
correctly,корректно,,2025-12-28T01:56:30.952Z
December,декабрь,,2025-07-28T17:01:22.472Z
unicast,одноадресный,передача одному устройству; Example: Most traffic is unicast,2026-03-15T18:46:48.427Z
integer,Целое число. Создаётся присваиванием: x = 10. Не содержит дробей. В,"Целое число. Создаётся присваиванием: x = 10. Не содержит дробей. В Python может быть любого размера, ограничен только памятью",2025-11-12T16:46:17.707Z
once,однажды,однажды / раз — I was there once,2025-10-05T19:14:14.163Z
dependent,зависимый,зависимый,2025-07-02T14:26:14.551Z
Egypt Egyptian,Египет Египетский,,2025-12-14T21:55:26.253Z
already,уже,уже — I’ve already finished,2025-10-05T19:14:14.596Z
source,источник,"Next, there is the source, the Layer 2 address of the device which sent the frame",2026-03-29T18:45:55.042Z
to become,становиться,становиться; to change into something; Example: He wants to become a network engineer. — Он хочет стать сетевым инженером,2026-05-09T18:36:14.612Z
fall mood,осеннее настроение,,2026-04-06T14:58:34.166Z
rental,аренда,,2026-03-23T18:07:59.511Z
cause,быть причиной,"причинять, быть причиной; to make something happen; Example: Games can cause stress. (Игры могут вызвать стресс.) /kɔːz",2025-12-07T18:16:04.689Z
time,время,время — Time is money,2025-10-05T19:13:28.300Z
Are you busy?,Ты занят?,,2026-01-04T00:56:48.330Z
copper,медный кабель,медный кабель; Example: Copper cables are used in Ethernet,2026-03-15T18:41:41.348Z
which allows,что позволяет,,2026-03-27T21:30:03.344Z
to fail,потерпеть неудачу,I passed history but failed chemistry,2025-10-14T21:52:53.702Z
already,уже,"This is known as a KNOWN UNICAST frame, because the destination is already in its MAC address",2026-03-30T16:40:42.257Z
May,май,,2025-07-28T17:01:21.114Z
rest,отдыхай,,2025-12-31T01:01:52.700Z
network,сеть,сеть; network = connected devices; Example: Devices in the network — Устройства в сети,2025-12-01T21:58:26.561Z
feelings,чувства,(чувства) Communication helps to share feelings. — Общение помогает делиться чувствами,2025-10-26T15:15:04.591Z
submit,сдаться,"сдаться / заставить сдаться; to give up or force someone to tap; Example: \He submitted him.\"" — Он заставил его сдаться; нюанс: ключевое слово в BJJ""",2025-11-23T20:32:33.713Z
fly  flew  flown,в формах,,2025-12-31T00:58:10.646Z
horrible,ужасное,,2025-12-28T01:57:31.430Z
to delete,удалить,удалить; delete = remove data; Example: Delete the folder — Удали папку,2025-12-01T21:58:19.788Z
fruit,фрукт,,2025-12-31T01:04:29.993Z
methodology,Методология,Методология; описывает способы и процедуры исследования; Example: The methodology explains how the data were collected,2025-12-10T03:14:08.676Z
input,ввод,ввод,2025-07-02T14:39:25.119Z
Hungary Hungarian,Венгрия Венгерский,,2025-12-14T21:53:53.855Z
choke,удушение,"удушение; a move that cuts air/blood; Example: \A choke is tight.\"" — Удушение плотное; нюанс: кровь/воздух-закрывающее действие""",2025-11-23T20:32:36.147Z
able,способный,I am able to swim,2025-12-28T01:49:15.813Z
before,раньше,раньше / до — Wash your hands before eating,2025-10-05T19:14:11.128Z
at first,сначала,"сначала — At first, I didn’t understand",2025-10-05T19:14:24.033Z
A lawyer,Адвокат,A lawyer,2026-04-01T22:33:08.862Z
let’s spend,Давайте проведём,So let’s spend a few slides looking into MAC addresses,2026-03-29T19:42:13.840Z
The eleventh,Одиннадцатый,,2026-03-31T18:48:27.706Z
Other,(другие дополнительные объекты),,2026-03-31T18:31:41.657Z
black eye,синяк под глазом,,2025-12-31T01:02:32.890Z
grandchildren,Внуки,Внуки; children of your children; пример: “They love their grandchildren.”,2025-12-07T17:22:07.524Z
next,далее,"далее — Next, we’ll discuss the plan",2025-10-05T19:14:35.467Z
rarely,редко,редко — He rarely eats sweets,2025-10-05T19:14:13.368Z
last week,на прошлой неделе,на прошлой неделе — She was busy last week,2025-10-05T19:14:40.136Z
today,сегодня,сегодня — I feel good today,2025-10-05T19:14:09.166Z
I mentioned,Я упомянул,"I mentioned a little bit about MAC addresses, but let’s dig a little deeper",2026-03-29T19:40:30.388Z
parameter,параметр,параметр,2025-07-02T14:46:51.096Z
elect,"избирать, выбирать","избирать, выбирать; The council will elect a president next week. — Совет изберёт президента на следующей неделе",2025-12-17T16:05:30.503Z
I heard that…,"Я слышал, что",,2025-12-30T05:13:25.421Z
conversation,диалог,And essentially have a conversation with each other,2026-03-26T16:49:33.982Z
to compare,сравнить,сравнить; compare = evaluate differences; Example: Compare the two files — Сравни два файла,2025-12-01T21:58:16.521Z
decapsulate,извлекать данные из пакета,извлекать данные из пакета; Example: The receiver decapsulates the frame,2026-03-15T18:49:56.280Z
cool,классно,"Крутой, круто; very good or stylish; пример: “That car looks cool.”",2025-12-07T15:58:07.886Z
public,"общедоступный, публичный","общедоступный, публичный",2025-07-02T14:49:13.084Z
drop,дропнуть,отбросить пакет; Example: The router drops invalid packets,2026-03-15T18:49:02.249Z
query,запрос,запрос,2025-07-02T14:49:19.885Z
operating system,операционная система,операционная система,2025-07-02T14:46:05.846Z
to travel,путешествовать,I travel to work by train,2025-10-14T21:50:42.020Z
the following,"следующий, ниже перечисленный","следующий, ниже перечисленный; Follow the following steps. — Следуйте следующим шагам",2025-12-17T15:59:16.471Z
Instability,Нестабильность,,2026-03-30T13:38:01.280Z
southpaw,левосторонняя стойка,"левосторонняя стойка; left-handed stance; Example: \He's a southpaw.\"" — Он левша в стойке; нюанс: неудобен для правшей""",2025-11-23T20:33:14.881Z
to put,положить,I put the book on the table,2025-10-14T21:52:06.887Z
requirement,требование,The only requirement for this course is that you have a basic familiarity with computers,2026-03-26T16:41:05.755Z
soon,скоро,скоро — See you soon!,2025-10-05T19:14:10.710Z
template,шаблон,шаблон,2025-07-02T14:53:02.360Z
brush,щётка,,2026-03-15T16:09:32.115Z
sing  sang  sung,в формах,,2025-12-31T00:57:53.635Z
night,ночь,ночь — It was a cold night,2025-10-05T19:13:59.221Z
March,март,,2025-07-28T17:01:20.704Z
Tuesday,вторник,,2025-07-28T17:01:18.895Z
square,квадрат,This square is black,2026-03-31T22:39:50.230Z
DataFrame,Таблица данных pandas. Создаётся: x = pd,"Таблица данных pandas. Создаётся: x = pd.DataFrame({'a':[1,2]}). Используется для анализа таблиц и работы с CSV",2025-11-12T16:47:37.107Z
Requirements,требования,"требования Before you can take the test, you must meet all the requirements",2025-12-01T23:45:47.734Z
logical,логический,логический,2025-07-02T14:42:25.783Z
to tell,сказать,Tell me about your holiday,2025-10-14T21:51:50.524Z
appear,"появляться, казаться",,2026-03-29T14:29:02.373Z
wing,крыло,,2025-11-25T16:58:08.578Z
Monday,понедельник,,2025-07-28T17:01:18.205Z
enough,достаточно,"In English, you can say \enough.""",2025-12-30T05:39:57.809Z
to invite,пригласить,They invited everyone to the wedding,2025-10-14T21:53:12.680Z
close connection,закрыть соединение,закрыть соединение; Example: The server closes the connection,2026-03-15T18:50:37.212Z
Hop,прыжок между Л3,,2026-04-03T17:41:18.322Z
April,апрель,,2025-07-28T17:01:20.883Z
Philippines Filipino,Филиппины Филиппинский,,2025-12-14T22:00:47.631Z
touchscreen,сенсорный экран,сенсорный экран,2025-07-02T14:53:28.859Z
policeman,полицейский,This man is a policeman,2026-03-31T22:29:16.464Z
monitor,монитор,монитор,2025-07-02T14:44:50.498Z
great,"Отлично, прекрасный","Отлично, прекрасный; very good or excellent; пример: “The movie was great.”",2025-12-07T15:58:16.239Z
digits,цифры,цифры; Digits of a number. — Цифры числа,2025-12-17T15:59:52.301Z
range,диапазон,"Диапазон. Создаётся: x = range(5). Используется в циклах, не хранит элементы в памяти",2025-11-12T16:47:28.971Z
Korea Korean,Корея Корейский,,2025-12-14T21:55:14.303Z
secure layer,защищённый слой,защищённый слой; secure layer = SSL/TLS protection; Example: Use a secure layer — Используй защищённый слой,2025-12-01T21:59:08.142Z
protocol,протокол,протокол,2025-07-02T14:49:07.820Z
I got it,Понял,,2026-03-31T19:31:39.609Z
port,порт,порт,2025-07-02T14:47:43.082Z
receive,принять,,2026-03-29T19:09:56.269Z
routing,маршрутизация,процесс маршрутизации; Example: Routing determines the path of packets,2026-03-15T18:46:21.124Z
noon,полдень,полдень — Lunch is at noon,2025-10-05T19:14:07.780Z
letter,буква,буква,2025-07-02T14:41:34.109Z
society,общество,,2025-10-26T19:51:28.826Z
Grammar,Грамматика,,2026-02-27T09:55:27.872Z
message,сообщение,сообщение; message = unit of communication; Example: Send a message — Отправь сообщение,2025-12-01T21:59:07.670Z
poket,карман,,2026-03-15T18:20:33.092Z
never mind,не важно,,2025-12-28T01:57:46.550Z
encapsulate,инкапсулировать,инкапсулировать данные; Example: The protocol encapsulates data in a packet,2026-03-15T18:49:44.398Z
hub,концентратор,концентратор; старое устройство которое передает сигнал всем портам; Example: A hub sends data to all ports,2026-03-15T18:39:41.866Z
use,использовать,использовать,2025-07-02T14:54:18.213Z
malware,вредоносное ПО,вредоносное ПО,2025-07-02T14:43:22.473Z
correlation,Корреляция,Корреляция; статистическая связь без доказательства причины; Example: There is a correlation between stress and sleep,2025-12-10T03:14:09.472Z
the load,нагрузка,,2026-03-30T23:37:24.991Z
yesterday,вчера,вчера — I saw him yesterday,2025-10-05T19:14:08.533Z
bunch of computers,skupinа,"the same area, like a bunch of computers on one floor of an office, or perhaps an entire",2026-03-26T17:14:20.885Z
to bring,"приносить, приводить","приносить, приводить; to take something to a place; Example: Bring your laptop. (Принеси свой ноутбук.) /brɪŋ",2025-12-07T18:16:07.536Z
in other words,«Иными словами»,"«Иными словами»; пояснение или перефразирование; Example: In other words, the data confirm our hypothesis",2025-12-10T03:11:13.797Z
device,устройство,устройство; device = hardware unit; Example: Connect the device — Подключи устройство,2025-12-01T21:58:29.765Z
never,никогда,никогда — I never smoke,2025-10-05T19:14:13.938Z
February,февраль,,2025-07-28T17:01:20.575Z
district,район,,2026-03-23T18:10:49.007Z
library,библиотека,библиотека,2025-07-02T14:41:36.488Z
especially,особенно,"The villagers felt **too much pressure** to keep their children safe, especially the **grandchildren**",2025-12-30T04:07:49.100Z
tuple,кортеж,"Кортеж (неизменяемая последовательность). Создаётся: `x = (1, 2, 3",2025-11-12T16:46:20.806Z
user interface,пользовательский интерфейс,пользовательский интерфейс,2025-07-02T14:54:24.024Z
still,всё ещё,всё ещё — I still love you,2025-10-05T19:14:14.727Z
keyboard,клавиатура,клавиатура,2025-07-02T14:40:48.861Z
afternoon,послеполудни,послеобеденное время — Let’s meet in the afternoon,2025-10-05T19:14:04.719Z
shoulders,плечи,"So chest, triceps, shoulders, you push up like this",2025-11-22T21:26:09.162Z
mouse,мышь,мышь,2025-07-02T14:44:54.048Z
access,получить доступ,,2026-03-30T17:20:37.583Z
to meet,встретиться,I am excited to meet my new classmates,2025-10-14T21:52:08.173Z
Submissive,покорный,,2026-03-30T15:57:19.744Z
Accord,Соглашение,,2026-03-31T17:43:05.074Z
memory cell,ячейка памяти,ячейка памяти,2025-07-02T14:44:23.171Z
bandwidth,пропускная способность,пропускная способность; Example: The link has high bandwidth,2026-03-15T18:41:47.064Z
Friday,пятница,,2025-07-28T17:01:19.837Z
Remaining,Оставшиеся,,2026-03-30T00:13:18.681Z
experience,опыт,,2025-12-31T01:05:28.695Z
register,регистр,регистр,2025-07-02T14:49:53.421Z
packet,пакет,пакет; единица передачи данных; Example: Data travels in packets,2026-03-15T18:39:50.839Z
local area network,локальная сеть,локальная сеть; Example: The office uses a local area network,2026-03-15T18:43:43.118Z
protect,защищать,"We can protect privileged exec mode with a password, so that if a user enters the ‘enable’",2026-03-23T00:39:51.747Z
to go,идти,I am going to the store,2025-10-14T21:50:57.299Z
file,файл,файл; file = stored data unit; Example: Save the file — Сохрани файл,2025-12-01T21:58:49.201Z
weather,погода,The trip is subject to weather,2025-12-25T17:43:59.152Z
too difficult,слишком сложно,,2025-12-27T23:18:39.577Z
habits,привычки,Language is a set of habits,2025-10-01T22:33:21.203Z
difficult structure,сложная структура,"Используем \have/has + a + прилагательное + существительное\"". English has a very difficult structure. — У английского очень сложная структура.""",2026-02-27T06:21:47.980Z
memory,память,память,2025-07-02T14:44:18.968Z
usually,как правило,как правило; usually = typically; Example: It usually runs at boot — Обычно запускается при загрузке,2025-12-01T21:59:09.353Z
available,доступный,"This is a comparison of the commands available in user EXEC mode, on the left, and privileged",2026-03-22T23:11:58.712Z
topology,структура сети,структура сети; Example: The network topology is star,2026-03-15T18:43:32.168Z
careful,осторожный,,2026-03-30T16:25:35.723Z
hit,ударить,"ударить; basic striking action; Example: \He can hit hard.\"" — Он может сильно ударить; нюанс: общий термин для ударов руками/ногами""",2025-11-23T20:32:28.548Z
to hug,обнять,She hugged her little brother,2025-10-14T21:53:44.392Z
Norway Norwegian,Норвегия Норвежский,,2025-12-14T21:54:10.125Z
"Immediately,",Немедленно,"Immediately, you can see that both an ICMP message, the ping, and an ARP message appear",2026-04-20T15:22:01.023Z
throughput,фактическая скорость передачи,пропускная способность фактическая скорость передачи; Example: The throughput is lower than bandwidth,2026-03-15T18:42:53.228Z
Tell me about yourself,расскажи о себе,"Tell me about yourself. — Универсально. Can you introduce yourself? — Формально, например, на работе или в классе",2026-02-27T06:23:20.085Z
page,страница,страница,2025-07-02T14:46:39.078Z
verify,проверить конфигурацию,проверить конфигурацию; Example: Verify the network configuration,2026-03-15T18:50:01.564Z
Purpose,Цель,,2026-02-27T09:54:34.905Z
route,маршрут,маршрут,2025-07-02T14:50:38.181Z
chance,шанс,,2026-03-31T01:11:16.578Z
I type,Я напишу,I type exit to return to privileged EXEC mode,2026-03-23T00:43:43.469Z
management,управление,управление,2025-07-02T14:43:28.581Z
decade,десятилетие,десятилетие — The 1990s were a great decade,2025-10-05T19:14:37.211Z
neck,шея,"шея; body part used for chokes; Example: \Control the neck.\"" — Контролируй шею; нюанс: ключевая точка контроля""",2025-11-23T20:32:36.955Z
meta-analysis,Метанализ,Метанализ; объединяет множество исследований статистически; Example: Summarizes results from 50 papers,2025-12-10T03:14:17.308Z
bench,скамейка,This is a bench,2026-03-31T22:28:22.218Z
famous,знаменитый,,2025-12-30T05:11:38.859Z
to lose,потерять,I always lose my keys,2025-10-14T21:53:31.519Z
decision,решение,,2025-12-28T01:52:10.153Z
sunset,закат,закат — The sky was beautiful at sunset,2025-10-05T19:14:30.891Z
winner,победитель,,2026-02-28T05:39:23.690Z
place,место,"место, позиция; The number is in the unit place. — Число находится в разряде единиц",2025-12-17T15:58:38.175Z
legacy,устаревший,устаревший,2025-07-02T14:41:28.552Z
one of my friends,один из моих друзей,"После \one of\"" всегда множественное число. One of my friends knows 5 languages. — Один из моих друзей знает 5 языков.""",2026-02-27T06:16:05.365Z
Shoes,Обувь,Shoes,2026-03-07T15:00:10.193Z
router,маршрутизатор,маршрутизатор; пересылает пакеты между сетями; Example: The router forwards packets to another network,2026-03-15T18:38:54.939Z
subnet,подсеть,подсеть; Example: The network is divided into subnets,2026-03-15T18:45:23.363Z
"couple methods,",несколько методов,"There are a couple methods, but I’m going to talk about connecting via the console port",2026-03-22T20:24:08.067Z
clothes are awful,Одежда ужасная,- Hector's clothes are awful,2026-03-07T14:54:25.268Z
wide area network,глобальная сеть,глобальная сеть; Example: The internet is a wide area network,2026-03-15T18:44:52.506Z
against,против,The team played against their biggest rivals,2025-12-28T01:51:46.068Z
careless,небрежный,You read the story carefully,2026-03-30T16:25:54.662Z
motorway,автомагистраль,автомагистраль /ˈməʊtəˌweɪ/; We drove on the motorway. — Мы ехали по автомагистрали,2025-12-23T01:52:05.813Z
nearest,ближайший,,2026-03-30T00:25:56.842Z
finally,в конце концов,в конце концов,2025-12-31T01:05:07.247Z
pass the exam,сдать экзамен,,2026-03-22T20:12:43.197Z
now,сейчас,сейчас — I’m busy now,2025-10-05T19:14:10.363Z
to teach,учить,I want to teach my little brother how to ride a bike,2025-10-14T21:51:11.550Z
blind study,Метод слепого исследования,Метод слепого исследования; участники/исследователи не знают группы; Example: The blind study prevents bias in responses,2025-12-10T03:14:10.484Z
floor,этаж,"the same area, like a bunch of computers on one floor of an office, or perhaps an entire",2026-03-26T17:14:34.050Z
a heel,пятка,,2026-04-07T14:38:20.120Z
forever,навсегда,навсегда — I’ll love you forever,2025-10-05T19:14:21.823Z
terminal,терминал,терминал,2025-07-02T14:53:09.812Z
road signs,дорожные знаки,дорожные знаки /roʊd saɪnz/; Follow the road signs. — Следуй дорожным знакам,2025-12-23T01:52:10.333Z
or shut it down,или выключил его,"If you reload the device, or shut it down and then turn it on later, the startup-config",2026-03-23T00:49:47.175Z
literature review,Обзор литературы,Обзор литературы; анализ существующих исследований; Example: The literature review identifies key studies,2025-12-10T03:14:08.224Z
local,локальный,локальный,2025-07-02T14:42:07.046Z
June,июнь,,2025-07-28T17:01:21.271Z
issue,проблема,,2025-12-28T01:50:41.222Z
adjacent,соседний,"смежный, соседний; Adjacent sides of a square. — Смежные стороны квадрата",2025-12-17T16:00:02.387Z
Bulgaria Bulgarian,Болгария Болгарский,,2025-12-14T21:54:26.467Z
Audience,Аудитория,,2026-02-27T09:54:39.698Z
contains,содержит,"содержит, включает в себя; The council contains ten members. — В составе совета десять человек",2025-12-17T16:05:27.906Z
simple cycle,Простой цикл,Простой цикл — без повторов внутри цикла; cycle with no vertex repetition; пример: “A→B→C→A is simple.”,2025-12-03T22:30:20.639Z
England English,Англия Английский,,2025-12-14T21:56:31.370Z
mixed martial arts,смешанные единоборства,"смешанные единоборства; full-combat sport; Example: \MMA fighters adapt.\"" — Бойцы MMA адаптируются; нюанс: смесь ударов и борьбы""",2025-11-23T20:33:11.190Z
configure,настраивать устройство,настраивать устройство; Example: Configure the router interface,2026-03-15T18:48:14.296Z
object,объект,объект,2025-07-02T14:45:46.723Z
Sorry for lying,Извините за ложь,,2025-12-27T23:52:41.033Z
Switzerland Swiss,Швейцария Швейцарский,,2025-12-14T22:00:36.579Z
foreign languages,иностранные языки,,2026-02-27T06:24:05.076Z
complete course,полный курс,,2026-03-28T14:20:54.865Z
to clean,чистить,They are cleaning the park this weekend,2025-10-14T21:51:56.169Z
a wound,рана,,2026-04-07T14:43:05.818Z
list,список,"Список (изменяемая последовательность). Создаётся: x = [1, 2, 3]. Можно хранить разные типы данных. Позволяет добавлять и удалять элементы",2025-11-12T16:46:20.641Z
shortage,нехватка,нехватка; shortage = insufficient amount; Example: Shortage of addresses — Нехватка адресов,2025-12-01T21:59:05.208Z
password,пароль,пароль,2025-07-02T14:47:06.464Z
separate,отдельный,console port is separate from the RJ45 console port,2026-03-26T01:27:55.242Z
Ireland Irish,Ирландия Ирландский,,2025-12-14T21:57:04.348Z
Wednesday,среда,,2025-07-28T17:01:19.379Z
The judge,Судья,,2026-03-30T22:26:44.539Z
arranged,упорядоченный,"организованный, расположенный; The chairs are arranged in a circle. — Стулья расставлены по кругу",2025-12-17T14:58:03.400Z
to draw,рисовать,I can draw a picture,2025-10-14T21:51:05.739Z
midnight,полночь,полночь — They arrived at midnight,2025-10-05T19:14:07.085Z
enable,включить функцию,включить функцию; Example: Enable the interface,2026-03-15T18:50:17.608Z
network appliance,сетевое устройство,"usually have a hardware firewall, a separate network appliance, which helps protect the",2026-03-26T16:45:39.060Z
whole word,целое слово,,2026-03-23T00:00:37.271Z
microphone,микрофон,микрофон,2025-07-02T14:44:28.595Z
instead / instant,"namiesto, мгоновенно","So, really you should always use the enable secret, instead of the enable password, as",2026-03-26T01:12:53.634Z
below the belt,ниже пояса,"ниже пояса; illegal strike; Example: \It's below the belt.\"" — Это удар ниже пояса; нюанс: термин из бокса""",2025-11-23T20:32:48.892Z
to sell,продать,He sells drinks and snacks,2025-10-14T21:53:08.530Z
Logical order,Логическая последовательность,,2026-02-27T09:55:25.625Z
enter into,войти во что-то обстрактное,To enter into a discussion,2026-03-31T15:24:52.466Z
As necessary,По мере необходимости,The teacher will provide extra help as necessary,2026-03-16T16:57:56.231Z
week,неделя,неделя — I go to the gym every week,2025-10-05T19:14:36.689Z
exactly,точно,,2026-02-27T06:23:46.555Z
Sunday,воскресенье,,2025-07-28T17:01:20.217Z
staff,сотрудники,,2026-03-23T18:07:09.499Z
Mountain peak,Горная вершина,,2026-03-01T12:44:42.776Z
season,сезон,сезон — Spring is my favorite season,2025-10-05T19:14:38.302Z
younger and older brother,младший и старший брат,,2026-04-25T15:07:15.197Z
Carry,"везти, нести",,2026-03-31T15:54:06.941Z
transmission,передача,передача данных; Example: Data transmission takes time,2026-03-15T18:40:44.876Z
independent,независимый,независимый,2025-07-02T14:39:08.201Z
question mark,вопросительный знак,You can use a question mark to view the commands that are available to you,2026-03-22T23:16:00.528Z
to laugh,смеяться,They laughed at her jokes,2025-10-14T21:52:49.046Z
buddy,друг,Doris has a buddy Marlene but she forgot him because she has memory problems,2026-04-02T11:46:27.593Z
Relative pronouns,относительное местояимение,,2026-03-16T18:05:47.453Z
let's begin again,давай начнем снова,,2026-03-07T14:52:07.085Z
NumPy array,массив,"Массив NumPy. Создаётся: import numpy as np; x = np.array([1, 2, 3]). Быстрый и оптимизированный для научных расчётов",2025-11-12T16:47:32.881Z
proprietary,Проприетарный,"The number 7 means it is using Cisco’s proprietary encryption algorithm, from the service password-encryption",2026-03-26T00:30:10.574Z
decode,декодировать,декодировать,2025-07-02T14:25:53.134Z
static route,статический маршрут,статический маршрут; Example: The admin configured a static route,2026-03-15T18:46:35.133Z
later,позже,позже — I’ll call you later,2025-10-05T19:14:10.310Z
late payment,просроченный платёж,,2026-03-23T18:05:48.575Z
happy,Счастливый,Счастливый; feeling or showing joy; пример: “He is happy today.”,2025-12-04T00:48:00.157Z
function,функция,функция,2025-07-02T14:36:28.697Z
owner,владелец,владелец; owner = registered holder; Example: Domain owner updates info — Владелец домена обновляет данные,2025-12-01T21:59:06.725Z
any of them,любой из них,,2025-12-28T01:54:41.095Z
gateway,шлюз,шлюз; устройство для связи разных сетей; Example: The gateway connects the local network to the internet,2026-03-15T18:39:48.533Z
medium,средний,"носитель, среда",2025-07-02T14:44:16.733Z
This soldier is wounded,Этот солдат ранен,This soldier is wounded,2026-03-31T22:45:54.255Z
process,процесс,процесс,2025-07-02T14:48:43.961Z
moment,момент,"момент — Wait a moment, please",2025-10-05T19:13:32.787Z
allows,позволяет,This is a convenient trick that allows you to execute privileged exec mode commands like,2026-03-26T01:04:58.302Z
agreement,соглашение,соглашение; agreement = shared rules; Example: Protocol agreement is required — Нужен консенсус по протоколу,2025-12-01T21:58:57.172Z
supplementary materials,дополнительные материалы,"In addition to the quiz we just did, there are a couple other supplementary materials",2026-03-26T01:41:39.662Z
a forehead,лоб,,2026-04-07T14:37:37.935Z
filesystem,файловая система,файловая система,2025-07-02T14:35:19.190Z
such,такой,"Такой, подобный; used to emphasize quality; пример: “Such a nice day.”",2025-12-07T15:57:26.833Z
to enter,"войти, ввести",Please knock before entering,2025-10-14T21:52:03.005Z
explaining,обяснение,"Before explaining hexadecimal, I want to make sure we all understand how the decimal system",2026-03-29T21:55:57.338Z
to choose/to change,выбрать/изменить,,2025-12-31T01:03:33.618Z
to respond,реагировать,"реагировать — reply to network request, The server does not respond — server nereaguje (сервер не отвечает)",2026-04-27T18:22:52.821Z
picture,изображение,изображение,2025-07-02T14:47:10.218Z
in the past,в прошлом,"в прошлом — In the past, people wrote letters",2025-10-05T19:14:17.622Z
to live,жить,Where do you live?,2025-10-14T21:52:19.566Z
total amount,общая сумма,,2026-03-23T18:08:21.352Z
virtual,виртуальный,виртуальный,2025-07-02T14:54:43.730Z
operation,операция,операция,2025-07-02T14:46:08.407Z
to read,читать,What are you reading?,2025-10-14T21:50:40.123Z
switch,коммутатор,коммутатор; соединяет устройства в локальной сети; Example: The switch connects computers in the office,2026-03-15T18:39:34.989Z
to stay,остаться,Can you stay after work to play tennis?,2025-10-14T21:52:23.964Z
January,январь,,2025-07-28T17:01:20.408Z
session,сесия,сессия; session = communication period; Example: Start a new session — Начни новую сессию,2025-12-01T21:59:07.859Z
She is being quiet,она вела себя тихо,,2026-01-04T01:15:05.638Z
Fall,Осень,Fall,2026-03-31T22:34:41.486Z
boring,скучно,,2025-12-30T05:01:02.008Z
Thousands of birds,Тысячи птиц,,2026-03-31T18:50:09.971Z
to ride,ездить,I ride a horse,2025-10-14T21:52:00.434Z
Turn off,Выключить,,2026-03-25T23:47:32.037Z
until,до определённого момента,"до определённого момента /ʌnˈtɪl/; Wait until I come. — Жди, пока я не приду",2025-12-23T01:52:03.722Z
link,ссылка,"ссылка, связь",2025-07-02T14:41:50.852Z
to let,позволять,Can you let me know when you arrive?,2025-10-14T21:53:23.334Z
remain,останется,will remain encrypted,2026-03-26T01:17:20.305Z
etc,и т.д,"switch to router, or router to router, etc",2026-03-28T14:42:21.689Z
Transition words,Связующие слова,,2026-02-27T09:55:22.264Z
healthy,здоровый,,2026-04-07T14:43:24.490Z
sometimes,иногда,иногда — We sometimes play tennis,2025-10-05T19:14:13.153Z
You won't believe it,ты не поверишь,,2026-03-29T15:13:18.856Z
presentation,презентация,презентация,2025-07-02T14:48:13.902Z
network,сеть,сеть,2025-07-02T14:45:07.624Z
"Elbow, Knee","Локоть, Колено",,2026-03-01T12:20:21.390Z
"affected,",подвержен влиянию,"Once again, however, the enable secret will not be affected, it is always encrypted",2026-03-26T01:16:32.795Z
multiple,"множественный, несколько","множественный, несколько; The project has multiple objectives. — Проект имеет несколько целей",2025-12-17T16:05:02.485Z
experimental research,Экспериментальное исследование,Экспериментальное исследование; исследователь вмешивается; Example: Experimental research tests causal effects,2025-12-10T03:14:12.262Z
directory,"каталог, директория","каталог, директория",2025-07-02T14:31:45.928Z
last year,в прошлом году,"в прошлом году — Last year, we traveled a lot",2025-10-05T19:14:28.367Z
"lost (гл., past от to lose)",потерял,потерял; past of “to lose”; Example: He lost his keys. (Он потерял ключи.) /lɒst,2025-12-07T18:15:54.592Z
had to be,"нужно было, обязан был быть","нужно было, обязан был быть /hæd tə biː/; The meeting had to be postponed. — Встречу пришлось перенести",2025-12-23T01:52:03.961Z
browser,браузер,браузер; browser = web viewer; Example: Open it in the browser — Открой в браузере,2025-12-01T21:58:36.862Z
each day,каждый день,каждый день — Each day brings something new,2025-10-05T19:14:25.928Z
reply,отвечать,The ARP reply is unicast,2026-03-30T23:56:42.798Z
transmit,передавать данные,передавать данные; Example: The cable transmits signals,2026-03-15T18:48:51.805Z
to celebrate New Year,отпраздновать Новый год,,2025-12-31T01:04:04.472Z
MAC Address Table,Таблица MAC-адресов,,2026-04-03T17:45:17.166Z
statement,утверждение,,2026-02-27T10:27:41.552Z
represents,представляет,represents?,2026-03-26T16:54:48.232Z
intolerant,нетерпимый,The seahorse has a water intolerant,2026-04-02T11:46:13.169Z
English,американский английский,американский английский,2025-07-02T14:33:35.941Z
guard,защита,"защита / гард; defensive position; Example: \Stay in guard.\"" — Оставайся в гарде; нюанс: в BJJ — конкретная позиция""",2025-11-23T20:32:51.394Z
to emerge,возникнуть,,2026-04-18T01:03:23.035Z
she was released,она была освобождена,,2025-12-30T05:05:02.188Z
a mustache,усы,,2026-04-07T14:38:58.488Z
coat,пальто,,2026-03-15T18:10:17.490Z
stands for,для обривиатур,MAC stands for media access control,2026-03-29T19:10:45.005Z
module,модуль,модуль,2025-07-02T14:44:40.891Z
give up,брость,брость He gave up smoking,2025-12-25T19:31:12.888Z
By law,по закону,,2026-03-31T17:55:20.225Z
to be on business,быть в командировке,,2025-12-24T02:01:31.675Z
Socket,Розетка,,2026-04-01T14:06:09.934Z
dirt,грязь,"And this is: dirt, dust, crumbs, mold",2026-03-31T22:48:29.397Z
to smoke,курить,He doesn't smoke because it’s bad for his health,2025-10-14T21:51:55.625Z
electricity consumption,потребление электричества,,2026-04-18T01:05:19.170Z
to repeat,повторить,Can you repeat it after me?,2025-07-02T15:45:27.007Z
group of people,группа людей,This is a group of people,2026-03-31T22:29:00.687Z
to close,закрыть,Close your eyes - I've got a surprise for you,2025-10-14T21:52:16.627Z
Halve,делить попалам,,2026-03-30T14:01:08.406Z
default gateway,шлюз по умолчанию основной маршрутизатор сети,шлюз по умолчанию основной маршрутизатор сети; Example: The PC sends traffic to the default gateway,2026-03-15T18:46:14.637Z
piece,кусок,,2026-03-31T18:32:40.056Z
programmer,программист,программист,2025-07-02T14:48:56.907Z
to adjust,настроить,,2026-04-27T18:22:32.528Z
version,версия,версия,2025-07-02T14:54:38.191Z
after,после,"после — After work, I go home",2025-10-05T19:14:11.821Z
Austria Austrian,Австрия Австрийский,,2025-12-14T21:53:34.109Z
to be,быть,I am a student,2025-10-14T21:50:37.829Z
element,элемент,элемент,2025-07-02T14:32:46.052Z
decide,решить,,2025-12-28T01:52:17.411Z
toy,Игрушка,Игрушка; a thing children play with; пример: “The toy is on the table.”,2025-12-04T00:39:02.670Z
Enterprise,Предприятие,Let’s say this is a network for an Enterprise,2026-03-26T16:58:05.652Z
logic,логика,логика,2025-07-02T14:42:23.641Z
anOther,другой дополнительный объект,,2026-03-31T18:31:59.905Z
a husband,Муж,,2026-04-07T14:34:08.940Z
some of them,некоторые из них,,2026-04-15T21:14:17.931Z
"However, unlike Lee",Однако в отличие от Ли (2020),"«Однако, в отличие от Lee (2020)»; вводная конструкция для контраста; Example: However, unlike Lee (2020), our study focuses on adults",2025-12-10T03:10:53.923Z
twentIEth,20-й,,2026-03-31T19:04:20.172Z
creation / development,создание,создание; creation = production of something; Example: Web creation tools — Инструменты создания веба,2025-12-01T21:59:09.060Z
Improbable,Маловероятно,,2026-03-30T16:18:59.839Z
give back,вернуть,Please give back my book,2025-12-25T19:33:00.068Z
inspiration,вдохновение,The beautiful sunset was a source of inspiration for the painter,2026-04-02T11:49:40.222Z
half,половина,,2026-03-30T14:00:15.592Z
Indicate,указывать,,2026-03-30T00:05:43.950Z
to begin,начать,What time does the concert begin?,2025-10-14T21:51:08.591Z
column,столбец,,2026-04-26T14:17:57.379Z
localization,локализация,локализация,2025-07-02T14:42:15.071Z
pointer,указатель,указатель,2025-07-02T14:47:40.963Z
kernel,ядро (ОС),ядро (ОС),2025-07-02T14:40:33.044Z
was,Прошедшее время to be для I,Прошедшее время to be для I/he/she/it; past form of be; пример: “He was tired.”,2025-12-07T15:57:21.945Z
repetitions,повторения,повторения; …any repetitions in the same license plate. — …повторяющиеся символы на одной табличке,2025-12-17T16:04:35.389Z
well,хорошо,"хорошо; in a good way; Example: \Well executed.\"" — Хорошо выполнено; нюанс: слово-усилитель""",2025-11-23T20:32:44.076Z
evening,вечер,вечер — I study in the evening,2025-10-05T19:14:02.811Z
information,информация,информация,2025-07-02T14:39:10.938Z
prepare,"готовить, готовиться",She is preparing dinner for her friends tonight,2026-04-23T14:02:03.688Z
organ,орган,,2026-04-07T14:40:32.341Z
frame,кадр,кадр; единица передачи данных на канальном уровне; Example: The switch processes Ethernet frames,2026-03-15T18:39:52.886Z
apply,применить,You need to apply the changes to the configuration,2026-03-30T13:42:40.832Z
late,поздно,поздно — He came home late,2025-10-05T19:14:26.886Z
Lawful,Законный,,2026-03-31T17:55:37.169Z
Scotland Scottish,Шотландия Шотландский,,2025-12-14T21:56:46.589Z
by the way,кстати,"This, by the way, is called an ‘unknown unicast’ frame, a frame for which the switch",2026-03-30T16:31:59.810Z
encrypt,шифровать,шифровать,2025-07-02T14:33:18.197Z
device,устройство,устройство,2025-07-02T14:26:35.095Z
to configure,настроить,настроить How to configure Cisco IOS routers,2025-12-01T23:44:21.039Z
proper cable,правильный кабель,,2026-03-22T20:27:25.072Z
to think,думать,What did you think of the film?,2025-10-14T21:50:51.131Z
hacking,взлом,"взлом, хакерство",2025-07-02T14:37:12.033Z
yet,уже,ещё / уже — Have you finished yet?,2025-10-05T19:14:14.848Z
random,случайный,случайный,2025-07-02T14:49:35.514Z
a flat,квартира,,2026-04-09T11:18:19.470Z
beer,пиво,,2026-04-09T11:08:05.101Z
Skull,Череп,,2026-04-02T12:58:00.999Z
confrontation,конфронтация,,2026-04-02T01:25:41.177Z
string,Строка (последовательность символов). Создаётся в кавычках: x = \,"Строка (последовательность символов). Создаётся в кавычках: x = \Hello\"". Неизменяемый тип — при изменении создаётся новая строка.""",2025-11-12T16:46:18.680Z
the destination,адрес назначения,"This is known as a KNOWN UNICAST frame, because the destination is already in its MAC address",2026-03-30T16:40:06.238Z
cardboard box,Картонная коробка,,2026-03-30T22:15:24.538Z
a nail,ноготь,,2026-04-07T14:40:07.809Z
to vary,отличаться,,2026-01-22T08:47:55.756Z
suggest,"предлагать, советовать","предлагать, советовать /səˈdʒɛst/; I suggest going to the park. — Я предлагаю пойти в парк",2025-12-23T01:52:04.357Z
metropolitan area network,городская сеть,городская сеть; Example: A city network is a metropolitan area network,2026-03-15T18:45:08.591Z
an oven,духовка,,2026-04-09T11:12:14.032Z
server,сервер,сервер,2025-07-02T14:51:33.985Z
I switch the channel,Я переключаю канал,,2026-04-06T16:48:00.618Z
cheap,дёшево,,2026-04-27T15:44:16.571Z
Draft,Черновик,,2026-02-27T09:55:52.955Z
lock,блокировка,блокировка,2025-07-02T14:42:17.835Z
someone,niekto(в утвердительных),"кто-то, кто-нибудь /ˈsʌmwʌn/; Someone is calling you. — Кто-то тебе звонит",2025-12-23T01:51:59.713Z
Roof,Крыша,,2026-04-01T14:04:43.214Z
October,октябрь,,2025-07-28T17:01:22.275Z
Graeco-Roman wrestling,греко-римская борьба,"греко-римская борьба; Olympic wrestling style; Example: \He trains Greco-Roman.\"" — Он тренируется в греко-римской; нюанс: без захватов ниже пояса""",2025-11-23T20:33:08.653Z
Own,Собственный,Marlin when he saw the underwater mask he reminded about own son Nemo,2026-04-02T11:48:27.697Z
refugees,беженцы,,2026-04-18T01:01:44.323Z
usually,обычно,обычно — I usually get up at 7,2025-10-05T19:14:12.567Z
Short circuit,короткое замыкание,,2026-03-30T16:03:47.917Z
power,степень,степень (возведение в степень),2025-07-02T14:47:47.127Z
Let’s take a look,Давайте посмотрим,,2026-03-26T16:51:44.480Z
weapon,оружие,This is a weapon,2026-03-31T22:45:17.094Z
that,тот,"тот; или союз «что»; Example: I know that you are right. (Я знаю, что ты прав.) /ðæt",2025-12-07T18:15:47.729Z
month,месяц,месяц — This month is very busy,2025-10-05T19:14:36.663Z
far,далеко,,2026-04-01T14:19:31.939Z
familiar,знакомый,,2026-03-26T16:45:04.461Z
to be afraid,бояться,,2025-12-28T01:55:56.591Z
cross-platform,кроссплатформенный,кроссплатформенный; cross-platform = works on many OS; Example: Cross-platform app — Кроссплатформенное приложение,2025-12-01T21:59:08.244Z
cable,кабель,кабель; Example: Use an Ethernet cable,2026-03-15T18:41:02.318Z
dynamic,динамический,динамический,2025-07-02T14:32:40.370Z
programming language,язык программирования,язык программирования,2025-07-02T14:49:02.224Z
numeric,числовой,числовой; numeric = related to numbers; Example: Numeric value only — Только числовое значение,2025-12-01T21:59:02.137Z
Formal / Informal style,Формальный / неформальный стиль,,2026-02-27T09:55:40.766Z
to resist,противостоять,,2026-04-27T19:18:02.886Z
proper,"настоящий, правильный",,2026-04-06T21:16:58.386Z
"To confirm,",Для подтверждения,"To confirm, I used SHOW IP INTERFACE BRIEF, and you can see the IP addresses I just configured",2026-04-18T01:44:15.353Z
Decisive,"решительный, решающий",,2026-04-23T00:27:03.230Z
swollen,опухший,,2026-04-07T14:43:39.983Z
passing through the Internet,проходящий через интернет,"And youtube’s server sends the data, passing through the Internet, back to your PC",2026-03-26T16:56:17.636Z
provides,обеспечивает,Layer 3 provides logical addressing,2026-03-11T17:24:02.859Z
unfortunately,к сожалению,"к сожалению /ʌnˈfɔːrtʃənətli/; Unfortunately, I can’t come. — К сожалению, я не могу прийти",2025-12-23T01:52:04.724Z
basic familiarity with computers,базовые знания работы с компьютером,The only requirement for this course is that you have a basic familiarity with computers,2026-03-26T16:41:24.074Z
crane,кран,,2026-03-28T21:30:46.783Z
habitual,привычный,"Привычный; Language is a conventional system of habitual vocal behaviour by which members of a community communicate with one another. → Язык — это условная система привычного звукового поведения, с помощью которой члены сообщества общаются друг с другом",2025-12-13T22:18:50.372Z
addictive,вызывающий привыкание,,2026-04-27T15:43:55.116Z
package,пакет,пакет,2025-07-02T14:46:23.369Z
shower,душ,,2026-04-09T11:16:18.786Z
tomorrow,завтра,завтра — We’ll go there tomorrow,2025-10-05T19:14:09.565Z
useful,полезный,,2026-01-25T18:08:31.008Z
line,строка,строка,2025-07-02T14:41:42.226Z
He is guilty,Он виновен,,2025-12-30T05:06:13.718Z
output,вывод,вывод,2025-07-02T14:46:13.769Z
zip,архивировать (zip),архивировать (zip),2025-07-02T14:55:29.351Z
Remains,Останки,,2026-03-30T00:12:56.524Z
a toilet,туалет,,2026-04-09T11:15:45.792Z
to have,иметь,I have two sisters,2025-10-14T21:50:47.448Z
Belgium Belgian,Бельгия Бельгийский,,2025-12-14T21:53:13.645Z
pretend to pray,Притворяться молиться,Притворяться молиться; to act like you are praying; пример: “He pretended to pray.”,2025-12-07T15:57:38.732Z
solution,Решение,,2026-04-02T01:36:41.092Z
equals,равняется,Eight minus four equals four,2026-03-31T22:51:29.828Z
diagram,диаграмма,диаграмма,2025-07-02T14:26:38.642Z
a neck,шея,,2026-04-07T14:40:18.531Z
disc,диск (геом. форма),диск (геом. форма),2025-07-02T14:31:49.537Z
I want to continue,Я хочу продолжить,,2025-12-28T01:55:01.335Z
France,Франция,,2025-12-14T21:28:40.710Z
same,"тот же самый, одинаковый","тот же самый, одинаковый; …in the same license plate. — …на той же самой табличке",2025-12-17T16:04:42.109Z
because of this,«Из-за этого»,"«Из-за этого»; причинно-следственное введение; Example: Because of this, the experiment was repeated",2025-12-10T03:11:10.972Z
plate,"табличка, пластина, номерной знак","табличка, пластина, номерной знак; License plate must consist of 7 numbers… — Номерная табличка должна состоять из 7 цифр…",2025-12-17T16:03:55.876Z
license,лицензия,"лицензия, разрешение, номерной знак; Suppose a license plate must consist of 7 numbers… — Предположим, что номерная табличка…",2025-12-17T16:03:53.384Z
Nerd,ботан,,2026-02-04T14:33:54.195Z
client,клиент,клиент; client = requester of data; Example: The client sends a request — Клиент отправляет запрос,2025-12-01T21:58:35.218Z
actually,на самом деле,,2026-02-27T06:12:57.311Z
seat belt,ремень безопасности,ремень безопасности /ˈsiːt bɛlt/; Always wear a seat belt. — Всегда пристёгивай ремень,2025-12-23T01:52:05.155Z
Probably,Вероятно,"Probably 'hello', right?",2026-02-12T03:53:43.986Z
behaviour,поведение,Language is a voluntary behaviour,2025-10-01T22:33:19.007Z
Outline,План как структура,,2026-02-27T09:55:11.979Z
actually,собственно,,2025-12-28T01:58:17.575Z
tax,налог,The price is subject to tax,2025-12-25T17:51:49.878Z
journalist,Журналист,Журналист; a person who reports news; пример: “The journalist interviewed the president.”,2025-12-03T22:49:29.472Z
Syllable,слог,,2026-01-22T08:43:57.750Z
cycle,цикл,"Цикл — путь, возвращающийся в начало; a path that starts and ends at the same vertex; пример: “A→B→C→A is a cycle.”",2025-12-03T22:30:19.813Z
awards,награды,"награды, премии; She received several awards for her work. — Она получила несколько наград за свою работу",2025-12-17T16:04:44.936Z
The main thing is,Главное,,2025-12-30T05:14:23.745Z
to consist,"состоять, включать","состоять, включать; …must consist of 7 numbers or letters. — …должна состоять из 7 цифр или букв",2025-12-17T16:04:16.585Z
teamwork,(командная работа),(командная работа) Good communication makes teamwork better. — Хорошее общение улучшает командную работу,2025-10-26T15:15:10.491Z
next month,в следующем месяце,"в следующем месяце — Next month, I’ll travel",2025-10-05T19:14:39.471Z
possible,"возможный, допустимый","возможный, допустимый; It is possible to solve this problem. — Эту задачу возможно решить",2025-12-17T16:05:08.402Z
to be free,быть свободным,,2025-12-24T02:00:52.600Z
about 30 percent,примерно 30 процентов,"Разные степени формальности: about = разговорно, approximately = официально, roughly = неформально. About 30 percent of students passed the exam. — Примерно 30 процентов студентов сдали экзамен",2026-02-27T06:22:45.987Z
also,«Также»,"«Также»; простое добавление информации; Example: Also, participants reported higher satisfaction",2025-12-10T03:11:10.247Z
phoneme,Фонема,Фонема; Language consists of a small inventory of distinctive sounds (phonemes). → Язык состоит из небольшого набора различительных звуков (фонем),2025-12-13T22:19:21.421Z
Thursday,Четверг,,2025-12-14T20:38:59.699Z
Overall yes,В целом да,,2025-12-27T23:06:30.908Z
July,июль,,2025-07-28T17:01:21.475Z
family,семья,семейство; family = group of related tech; Example: TCP/IP family — Семейство TCP/IP,2025-12-01T21:59:08.874Z
bought,купил,,2025-12-25T22:54:21.387Z
almost,почти,,2025-12-31T00:59:50.652Z
Text structure,Структура текста,,2026-02-27T09:53:45.338Z
mother,мать,Мать; female parent; пример: “My mother is kind.”,2025-12-07T17:21:05.160Z
environment,среда,"окружение, среда; the conditions around something; Example: We live in a safe environment. (Мы живём в безопасной среде.) /ɪnˈvaɪrənmənt",2025-12-07T18:15:39.690Z
in how many ways,сколькими способами,сколькими способами; In how many ways can we arrange these books? — Сколькими способами мы можем расставить эти книги?,2025-12-17T14:58:05.664Z
believed,верил,,2025-12-30T05:08:27.157Z
Czechia,Чехия,,2025-12-15T19:21:43.479Z
dictionary,словарь,"Словарь. Создаётся: x = {'a': 1, 'b': 2}. Хранит пары ключ–значение. Быстрый доступ по ключу",2025-11-12T16:47:26.343Z
numbers,"цифры, числа","цифры, числа; …consist of 7 numbers or letters. — …состоит из 7 цифр или букв",2025-12-17T16:04:21.241Z
Major functions,Основные функции,,2025-12-28T01:53:25.300Z
ruined,разрушенный,,2025-12-27T23:52:55.114Z
to say,сказать,"I'm sorry, what did you say?",2025-10-14T21:52:20.786Z
style,стиль,стиль,2025-07-02T14:52:32.312Z
tired,усталый,I am tired,2026-01-04T00:33:53.325Z
voluntary,добровольный,Language is a voluntary behaviour,2025-10-01T22:33:17.514Z
Vietnam Vietnamese,Вьетнам Вьетнамский,,2025-12-14T21:59:14.842Z
letters,буквы,буквы; …7 numbers or letters. — …7 цифр или букв,2025-12-17T16:04:28.095Z
server,сервер,сервер; server = machine serving data; Example: The server responds — Сервер отвечает,2025-12-01T21:58:30.873Z
at least,по крайней мере,по крайней мере; At least one digit. — По крайней мере одна цифра,2025-12-17T15:59:43.856Z
smaller,меньший,меньший; Smaller triangles are inside. — Меньшие треугольники находятся внутри,2025-12-17T15:59:28.947Z
Whiner,нытик,,2026-02-04T14:35:15.895Z
opinion,(мнение),(мнение) Everyone has an opinion. — У каждого есть мнение,2025-10-26T15:15:05.260Z
Portugal Portuguese,Португалия Португальский,,2025-12-14T21:59:30.780Z
qualitative research,Качественное исследование,Качественное исследование; изучает смысл и опыт; Example: Explores personal experiences,2025-12-10T03:14:16.810Z
English has,Английский имеет,,2025-12-27T23:24:24.707Z
permutations,перестановки,"перестановки; There are 6 permutations of the numbers 1, 2, 3. — Существует 6 перестановок чисел 1, 2, 3",2025-12-17T14:58:10.895Z
China,Китай,,2025-12-14T21:28:35.573Z
to be on holiday,быть в отпуске,,2025-12-24T02:01:12.037Z
meaning,значение,значение,2025-12-26T21:41:15.787Z
something,"что-то, нечто","что-то, нечто /ˈsʌmθɪŋ/; I want to tell you something. — Я хочу сказать тебе кое-что",2025-12-23T01:52:00.633Z
Southeast,Юго-восток,,2025-11-09T17:41:21.247Z
inborn,Врождённый,"Врождённый; Language is learned, not inborn. → Язык усваивается, а не является врождённым",2025-12-13T22:19:47.788Z
North,Север,The North of the country is known for its cold weather,2025-11-09T17:40:26.850Z
West,Запад,,2025-11-09T17:40:55.020Z
their,их,их; One of their books. — Одна из их книг,2025-12-17T15:59:47.945Z
traffic light,светофор,светофор /ˈtræfɪk laɪt/; Stop at the traffic light. — Остановись на светофоре,2025-12-23T01:52:09.137Z
parents,Родители,Родители; mother and father together; пример: “My parents are at home.”,2025-12-07T17:21:03.435Z
prison,тюрьма,тюрьма; a place where criminals are kept; Example: He is in prison. (Он в тюрьме.) /ˈprɪzən,2025-12-07T18:16:11.603Z
grandfather,дедушка,Дедушка; father of your parent; пример: “My grandfather tells stories.”,2025-12-07T17:21:06.084Z
daughter,дочь,Дочь; female child; пример: “His daughter is smart.”,2025-12-07T17:21:17.084Z
first reason,первая причина,первая причина; the main initial cause; Example: The first reason is simple. (Первая причина проста.) /fɜːrst ˈriːzən,2025-12-07T18:16:02.028Z
tradition,традиция,Language is a tradition,2025-10-01T22:33:23.293Z
linear,линейный,Линейный; Language is linear (one word after another). → Язык линеен (одно слово следует за другим),2025-12-13T22:19:19.400Z
system,система,"Система; Language is a conventional system of habitual vocal behaviour by which members of a community communicate with one another. → Язык — это условная система привычного звукового поведения, с помощью которой члены сообщества общаются друг с другом",2025-12-13T22:18:48.147Z
must,должен,"должен, необходимо; …must consist of 7 numbers… — …должна состоять из 7 цифр…",2025-12-17T16:04:09.858Z
fame,слава,,2026-01-25T16:48:36.018Z
shelf,полка,"полка, стеллаж; The books are on the top shelf. — Книги находятся на верхней полке",2025-12-17T16:05:37.725Z
social,социальный,Language is a social institution,2025-10-01T22:33:23.717Z
conservative,консервативный,Language is conservative,2025-10-01T22:33:24.500Z
odd,нечётные,нечётные; If all the digits are odd… — Если все цифры нечётные…,2025-12-17T16:05:15.584Z
dancer,танцор,Танцор; a person who dances professionally; пример: “The dancer performed on stage.”,2025-12-03T22:49:30.652Z
Denmark Danish,Дания Датский,,2025-12-14T21:57:52.657Z
grandmother,бабушка,Бабушка; mother of your parent; пример: “My grandmother cooks well.”,2025-12-07T17:22:35.086Z
stereotype,стереотип,стереотип; a fixed idea about a group; Example: This is just a stereotype. (Это всего лишь стереотип.) /ˈstɛriəˌtaɪp,2025-12-07T18:15:42.784Z
Netherlands Dutch,Нидерланды Нидерландский,,2025-12-14T22:00:24.451Z
permutations,перестановки,"перестановки; All permutations of 1,2,3. — Все перестановки 1,2,3",2025-12-17T16:00:20.402Z
involvement,вовлечённость,вовлечённость; participation or engagement; His involvement is important. — Его вовлечённость важна,2025-12-06T22:55:17.815Z
son,сын,Сын; male child; пример: “Their son is five.”,2025-12-07T17:21:04.185Z
effect,эффект,"эффект, последствие; a result of something; The effect was strong. — Эффект был сильным",2025-12-06T22:55:19.093Z
Northeast,Северо-восток,,2025-11-09T17:41:04.477Z
a writer,Писатель,Писатель; a person who writes books or articles; пример: “The writer published a new novel.”,2025-12-03T22:49:28.029Z
brother,брат,Брат; male sibling; пример: “My brother is older.”,2025-12-07T17:22:02.226Z
to shape,формировать,формировать; to give form or influence; School shapes us. — Школа формирует нас,2025-12-06T22:55:13.938Z
language,язык,Language is a conventional system of habitual vocal behaviour,2025-10-01T22:33:14.625Z
Sweden Swedish,Швеция Шведский,,2025-12-14T21:57:33.537Z
social institution,социальный институт,"Социальный институт; Language is a convention, tradition, social institution. → Язык — это конвенция, традиция, социальный институт",2025-12-13T22:19:13.815Z
Finland Finnish,Финляндия Финский,,2025-12-14T21:58:37.714Z
mistake,ошибка,,2025-12-25T22:50:04.306Z
Synthetic - using inflections,Синтетический — использует флексию,Синтетический. Смысл упакован внутрь слова. Порядок слов может быть более свободным,2025-12-26T21:24:11.835Z
negative,негативный,негативный; bad or harmful; a negative effect — негативный эффект,2025-12-06T22:55:19.795Z
unit,единица,"единица, разряд; The unit is 7 in 347. — Цифра единиц в числе 347 — 7",2025-12-17T15:58:33.422Z
each,каждый,каждый; Each triangle is different. — Каждый треугольник отличается,2025-12-17T15:59:23.983Z
arranged,упорядоченный,"расположенный, упорядоченный; Chairs are arranged in a circle. — Стулья расставлены по кругу",2025-12-17T16:00:08.876Z
as,как,,2025-12-28T01:53:00.194Z
dictionary,словарь,словарь; Look it up in the dictionary. — Посмотри это в словаре,2025-12-17T16:00:24.023Z
roundabout,круговое движение,круговое движение /ˈraʊndəˌbaʊt/; Take the second exit at the roundabout. — На круговом движении сверни на второй съезд,2025-12-23T01:52:06.319Z
fucking,чёртов,,2025-12-28T00:00:52.874Z
dialog,диалог,,2025-12-29T22:03:15.832Z
sick,больной,,2025-12-28T01:51:16.159Z
people,люди,(люди) People like good communication. — Людям нравится хорошее общение,2025-10-26T15:15:02.007Z
The USA,США,,2025-12-14T21:28:46.296Z
father,отец,Отец; male parent; пример: “His father works a lot.”,2025-12-07T17:21:13.477Z
Wednesday,среда,,2025-12-14T20:39:17.844Z
He is right,он прав,,2025-12-25T22:39:31.565Z
kind,добрый,Добрый; being nice and helpful to others; пример: “She is very kind to everyone.”,2025-12-04T00:47:59.397Z
sentence,предложение,,2025-12-28T01:55:28.517Z
sister,сестра,Сестра; female sibling; пример: “I have one sister.”,2025-12-07T17:21:18.879Z
Northwest,Северо-запад,,2025-11-09T17:41:10.764Z
free,свободный,свободный; free = not used; Example: Free IP address — Свободный IP,2025-12-01T21:59:05.803Z
deep,глубокий,глубокий; far down or intense; a deep voice — глубокий голос,2025-12-06T22:55:19.784Z
idea,идея,(идея) We can share ideas. — Мы можем делиться идеями,2025-10-26T15:15:05.702Z
grandparents,бабушка и дедушка,Бабушки и дедушки; parents of your parents; пример: “My grandparents live far.”,2025-12-07T17:21:29.216Z
message,сообщение,(сообщение) The message must be clear. — Сообщение должно быть понятным,2025-10-26T15:15:02.784Z
respect,уважение,(уважение) We must show respect. — Мы должны показывать уважение,2025-10-26T15:15:03.795Z
body language,язык тела,(язык тела) Body language helps to communicate. — Язык тела помогает общаться,2025-10-26T15:15:03.242Z
a mosque,мечеть,Four minarets stand at the corners of the mosque,2025-07-22T08:35:47.684Z
a point,точка,I live at the point where the two rivers meet,2025-07-22T08:34:33.338Z
problem,проблема,(проблема) Talking helps to solve problems. — Разговор помогает решать проблемы,2025-10-26T15:15:08.627Z
understand,понимать,(понимать) I try to understand other people. — Я стараюсь понимать других людей,2025-10-26T15:15:01.250Z
to join,присоединяться,присоединяться; to become a member; Join the club. — Вступи в клуб,2025-12-06T22:55:14.281Z
September,сентябрь,,2025-07-28T17:01:22.204Z
screen,экран,экран,2025-07-02T14:51:07.317Z
talk,говорить,(говорить) I like to talk with my friends. — Мне нравится говорить с друзьями,2025-10-26T15:14:58.661Z
to kick,пнуть,She accidentally kicked the chair while walking through the room,2025-10-14T21:53:39.422Z
static,статический,статический,2025-07-02T14:52:21.917Z
to send,послать,They sent her flowers for her birthday,2025-10-14T21:53:54.177Z
screenshot,скриншот,скриншот,2025-07-02T14:51:10.820Z
scanner,сканер,сканер,2025-07-02T14:50:57.533Z
to hear,слышать,I can't hear you,2025-10-14T21:53:15.460Z
baby,ребёнок,"Ребёнок, малыш; very young child; пример: “The baby is sleeping.”",2025-12-07T17:22:15.432Z
